Workbook

Sheet Contents
A1: MINIMUM DATASET FOR ADULT PROTECTION COMMITTEES: VERSION 1.1 (MID 2026) | LA1: — PLEASE SELECT —
KZ2: 1 | LA2: Aberdeen City
A3: LOCAL AUTHORITY AREA | KZ3: 2 | LA3: Aberdeenshire
KZ4: 3 | LA4: Angus
B5: — PLEASE SELECT — | KZ5: 4 | LA5: Argyll and Bute
A6: Please select your Local Authority area from the list above. | KZ6: 5 | LA6: City of Edinburgh
KZ7: 6 | LA7: Clackmannanshire
A8: NAMED CONTACT | KZ8: 7 | LA8: Dumfries and Galloway
A9: Please provide a named contact for the ASP Minimum Dataset here. This person will be notified of any key updates in addition to the Lead Officer in your area. | KZ9: 8 | LA9: Dundee City
B10: NAME: | KZ10: 9 | LA10: East Ayrshire
B11: E-MAIL: | KZ11: 10 | LA11: East Dunbartonshire
KZ12: 11 | LA12: East Lothian
KZ13: 12 | LA13: East Renfrewshire
A14: NOTES | KZ14: 13 | LA14: Falkirk
A15: Please note that, for all indicators, two quarters worth of demonstration data (marked in gray) has been included. This is not real data, will not be counted as part of your submission and is included for illustrative purposes only. | KZ15: 14 | LA15: Fife
A16: Please return a copy of the completed workbook to the address below on the agreed dates. ASPData@gov.scot | KZ16: 15 | LA16: Glasgow City
KZ17: 16 | LA17: Highland
A18: CONTENTS | KZ18: 17 | LA18: Inverclyde
A19: ='Notes on chart use'!A1 -> Supplemental | C19: ='Notes on chart use'!C1 -> NOTES ON CHART USAGE (PLEASE READ)
A20: INVOLVEMENT IN ASP PROCESSES | KZ20: 18 | LA20: Midlothian
A21: ='1 ASP REFERRALS'!A1 -> Indicator 1 | C21: =('1 ASP REFERRALS'!C1) -> ASP REFERRALS SUBMITTED TO ADULT PROTECTION SERVICE (BY SOURCE) | KZ21: 19 | LA21: Moray
A22: ='2-3 INQUIRIES'!A1 -> Indicator 2 | C22: ='2-3 INQUIRIES'!C1 -> INQUIRIES UNDERTAKEN WITHOUT THE USE OF INVESTIGATORY POWERS | KZ22: 20 | LA22: Na h-Eileanan Siar
A23: ='2-3 INQUIRIES'!A2 -> Indicator 3 | C23: ='2-3 INQUIRIES'!C2 -> INQUIRIES UNDERTAKEN WITH THE USE OF INVESTIGATORY POWERS | KZ23: 21 | LA23: North Ayrshire
A24: ='Conversion data'!A1 -> Supplemental | C24: ='Conversion data'!C1 -> CONVERSION RATES OF REFERRALS TO INQUIRIES
A25: MULTI-AGENCY ADULT SUPPORT AND PROTECTION CONFERENCES (CASE CONFERENCES) | KZ25: 22 | LA25: North Lanarkshire
A26: {='4 CCs'!A1:A2} -> Indicator 4a | C26: {=('4 CCs'!C1:C2)} -> INITIAL CASE CONFERENCES | KZ26: 23 | LA26: Orkney Islands
A27: Indicator 4b | C27: REVIEW CASE CONFERENCES | KZ27: 24 | LA27: Perth and Kinross
A28: {='5-7 CC ATTENDEES'!A1:A4} -> Indicator 5a | C28: {=('5-7 CC ATTENDEES'!C1:C4)} -> ADULTS AT RISK INVITED TO ATTEND A CASE CONFERENCE (TOTAL) | KZ28: 25 | LA28: Renfrewshire
A29: Indicator 5b | C29: ADULTS AT RISK INVITED TO ATTEND A CASE CONFERENCE (PERCENTAGE UPTAKE) | KZ29: 26 | LA29: Scottish Borders
A30: Indicator 6a | C30: INDEPENDENT ADVOCATES INVITED TO ATTEND A CASE CONFERENCE (TOTAL) | KZ30: 27 | LA30: Shetland Islands
A31: Indicator 6b | C31: INDEPENDENT ADVOCATES INVITED TO ATTEND A CASE CONFERENCE (PERCENTAGE UPTAKE) | KZ31: 28 | LA31: South Ayrshire
A32: ADULT SUPPORT AND PROTECTION PLANS AND USE OF POWERS | KZ32: 29 | LA32: South Lanarkshire
A33: ='8-9 ASPPs & POWERS'!A1 -> Indicator 8a | C33: =('8-9 ASPPs & POWERS'!C1) -> NUMBER OF ADULTS ON ASPPs IN TOTAL AT END OF QUARTER | KZ33: 30 | LA33: Stirling
A34: ='8-9 ASPPs & POWERS'!A2 -> Indicator 8b | C34: =('8-9 ASPPs & POWERS'!C2) -> NUMBER OF ADULTS WITH NEWLY COMMENCED ASPPs WITHIN QUARTER ONLY | KZ34: 31 | LA34: West Dunbartonshire
A35: ='8-9 ASPPs & POWERS'!A3 -> Indicator 9a | C35: =('8-9 ASPPs & POWERS'!C3) -> PROTECTION ORDERS (APPLIED FOR) | KZ35: 32 | LA35: West Lothian
A36: ='8-9 ASPPs & POWERS'!A4 -> Indicator 9b | C36: =('8-9 ASPPs & POWERS'!C4) -> PROTECTION ORDERS (GRANTED)
A37: ='10-11 ACTIONS TAKEN'!A1 -> Indicator 10 | C37: =('10-11 ACTIONS TAKEN'!C1) -> ACTION TAKEN FOLLOWING INQUIRIES CONCLUDED WITHOUT THE USE OF INVESTIGATORY POWERS
A38: ='10-11 ACTIONS TAKEN'!A2 -> Indicator 11 | C38: =('10-11 ACTIONS TAKEN'!C2) -> ACTION TAKEN FOLLOWING INQUIRIES USING INVESTIGATORY POWERS
A39: DEMOGRAPHICS AND DESCRIPTIVE DATA
A40: ='13 AGE & GENDER'!A1 -> Indicator 13 | C40: ='13 AGE & GENDER'!C1 -> AGE GROUP AND GENDER (FOR ALL INQUIRIES)
A41: ='14 ETHNICITY'!A1 -> Indicator 14 | C41: =('14 ETHNICITY'!C1) -> ETHNICITY (FOR ALL INQUIRIES)
A42: ='15 TYPES OF HARM'!A1 -> Indicator 15a | C42: =('15 TYPES OF HARM'!C1) -> PRIMARY TYPE OF HARM (FOR INQUIRIES CONCLUDED WITHOUT THE USE OF INVESTIGATORY POWERS)
A43: ='15 TYPES OF HARM'!A2 -> Indicator 15b | C43: =('15 TYPES OF HARM'!C2) -> PRIMARY TYPE OF HARM (FOR INQUIRIES USING INVESTIGATORY POWERS)
A44: ='16 LOCATION OF HARM'!A1 -> Indicator 16a | C44: =('16 LOCATION OF HARM'!C1) -> LOCATION OF HARM (FOR INQUIRIES CONCLUDED WITHOUT THE USE OF INVESTIGATORY POWERS)
A45: ='16 LOCATION OF HARM'!A2 -> Indicator 16b | C45: =('16 LOCATION OF HARM'!C2) -> LOCATION OF HARM (FOR INQUIRIES USING INVESTIGATORY POWERS)
A46: ='17 CLIENT GROUP'!A1 -> Indicator 17a | C46: =('17 CLIENT GROUP'!C1) -> PRIMARY CLIENT GROUP (FOR INQUIRIES CONCLUDED WITHOUT THE USE OF INVESTIGATORY POWERS)
A47: ='17 CLIENT GROUP'!A2 -> Indicator 17b | C47: =('17 CLIENT GROUP'!C2) -> PRIMARY CLIENT GROUP (FOR INQUIRIES USING INVESTIGATORY POWERS)
A48: ='18 CARING RESPONSIBILITIES'!A1 -> Indicator 18a | C48: =('18 CARING RESPONSIBILITIES'!C1) -> NO. OF INQUIRIES USING INVESTIGATORY POWERS WHERE ADULT HAS CARING RESPONSIBILITIES
A49: ='18 CARING RESPONSIBILITIES'!A2 -> Indicator 18b | C49: =('18 CARING RESPONSIBILITIES'!C2) -> NO. OF INQUIRIES USING INVESTIGATORY POWERS WHERE CHILD WAS PRESENT AT INCIDENT
A50: LARGE SCALE INVESTIGATIONS
A51: {='19 LSIs'!A1:A3} -> Indicator 19a | C51: {=('19 LSIs'!C1:C3)} -> LARGE SCALE INVESTIGATIONS (BY SERVICE TYPE)
A52: Indicator 19b | C52: CARE INSPECTORATE ASSIGNED UNIQUE CS NUMBERS
A53: Indicator 19c | C53: NHS HOSPITAL LOCATION CODE (PER INDIVIDUAL LSI)

Sheet Notes on chart use
A1: Supplemental | C1: NOTES ON CHART USAGE (PLEASE READ)
C3: The charts included in the workbook are intended to be used in conjunction with the supplied reporting template. Their use is optional, and should be considered as a starting point from which to develop a reporting system that best suits your local needs.
C5: The colour scheme utilised is derived from the Scottish Government colour palette for categorical data. However, it has been necessary to expand upon that palette in order to meet the requirements of the dataset. The additional colours also meet the 3:1 contrast ratios of the originals.
C7: More information can be found online at https://designsystem.gov.scot/guidance/charts/data-visualisation-colour-palettes
C9: The number of quarters included in each chart can be adjusted or increased by selecting each data series, and moving the cells (this is a limitation of Excel). We recommend that no more than three years worth of data be featured at a time.
C11: Where relevant, the values of the vertical axis will adjust automatically based on the values recorded. Be aware that some charts, by necessity, pull data from helper tables that were added to the workbook for that purpose.
C13: When copying charts over to the template, we strongly recommend adding them as pictures. This will avoid issues should the path between the template and workbook change, or should the latter be renamed, for example. Instructions are provided below.
C15: Pasting an Excel chart into Word as a picture
C17: Step 1 — Copy the chart in Excel
C19: 1. Click once on the chart to select it (you'll see handles appear around the edge).
C20: 2. Press Ctrl+C (Windows) or Cmd+C (Mac) to copy it.
C22: Step 2 — Paste as a picture in Word
C24: 1. Click in the template where you want the chart to appear.
... C58: * The original Excel workbook is unaffected by this process; this creates a separate copy.

Sheet 1 ASP REFERRALS
A1: Indicator 1 | C1: ASP REFERRALS SUBMITTED TO ADULT PROTECTION SERVICE (BY SOURCE)
A3: LOCAL DATA
A4: =A1 -> Indicator 1 | C4: Apr-Jun | D4: Jul-Sep | E4: Oct-Dec | F4: Jan-Mar | G4: Apr-Jun | H4: Jul-Sep | I4: Oct-Dec | J4: Jan-Mar | K4: Apr-Jun | L4: Jul-Sep | M4: Oct-Dec | N4: Jan-Mar | O4: Apr-Jun | P4: Jul-Sep | Q4: Oct-Dec | R4: Jan-Mar | S4: Apr-Jun | T4: Jul-Sep | U4: Oct-Dec | V4: Jan-Mar | W4: Apr-Jun | X4: Jul-Sep | Y4: Oct-Dec | Z4: Jan-Mar | AA4: Apr-Jun | AB4: Jul-Sep | AC4: Oct-Dec | AD4: Jan-Mar | AE4: Apr-Jun | AF4: Jul-Sep | AG4: Oct-Dec | AH4: Jan-Mar | AI4: Apr-Jun | AJ4: Jul-Sep | AK4: Oct-Dec | AL4: Jan-Mar
C5: Q1 2023/24 | D5: Q2 2023/24 | E5: Q3 2023/24 | F5: Q4 2023/24 | G5: Q1 2024/25 | H5: Q2 2024/25 | I5: Q3 2024/25 | J5: Q4 2024/25 | K5: Q1 2025/26 | L5: Q2 2025/26 | M5: Q3 2025/26 | N5: Q4 2025/26 | O5: Q1 2026/27 | P5: Q2 2026/27 | Q5: Q3 2026/27 | R5: Q4 2026/27 | S5: Q1 2027/28 | T5: Q2 2027/28 | U5: Q3 2027/28 | V5: Q4 2027/28 | W5: Q1 2028/29 | X5: Q2 2028/29 | Y5: Q3 2028/29 | Z5: Q4 2028/29 | AA5: Q1 2029/30 | AB5: Q2 2029/30 | AC5: Q3 2029/30 | AD5: Q4 2029/30 | AE5: Q1 2030/31 | AF5: Q2 2030/31 | AG5: Q3 2030/31 | AH5: Q4 2030/31 | AI5: Q1 2031/32 | AJ5: Q2 2031/32 | AK5: Q3 2031/32 | AL5: Q4 2031/32
A6: Mental Welfare Commission for Scotland
A7: Care Inspectorate
A8: Healthcare Improvement Scotland
A9: Office of the Public Guardian
A10: Police Scotland
A11: NHS 24
A12: NHS Primary Care
A13: NHS Acute Services
A14: NHS Specialist Drug and Alcohol Services
A15: NHS Community Health Services
A16: Mental Health Services – Hospital and Community
A17: Other health (eg public health, private healthcare, prison healthcare)
... A38: Other (please specify below)
A39: Total | C39: =SUM(C6:C38) -> 0 | D39: =SUM(D6:D38) -> 0 | E39: =SUM(E6:E38) -> 0 | F39: =SUM(F6:F38) -> 0 | G39: =SUM(G6:G38) -> 0 | H39: =SUM(H6:H38) -> 0 | I39: =SUM(I6:I38) -> 0 | J39: =SUM(J6:J38) -> 0 | ... AL39: =SUM(AL6:AL38) -> 0
A41: OPTIONAL FURTHER DATA | C41: If possible, please use the space below to provide a breakdown of the referral sources combined within the 'Other' category above.
A42: =(A1) -> Indicator 1 | C42: Apr-Jun | D42: Jul-Sep | E42: Oct-Dec | F42: Jan-Mar | G42: Apr-Jun | H42: Jul-Sep | I42: Oct-Dec | J42: Jan-Mar | K42: Apr-Jun | L42: Jul-Sep | M42: Oct-Dec | N42: Jan-Mar | O42: Apr-Jun | P42: Jul-Sep | Q42: Oct-Dec | R42: Jan-Mar | S42: Apr-Jun | T42: Jul-Sep | U42: Oct-Dec | V42: Jan-Mar | W42: Apr-Jun | X42: Jul-Sep | Y42: Oct-Dec | Z42: Jan-Mar | AA42: Apr-Jun | AB42: Jul-Sep | AC42: Oct-Dec | AD42: Jan-Mar | AE42: Apr-Jun | AF42: Jul-Sep | AG42: Oct-Dec | AH42: Jan-Mar | AI42: Apr-Jun | AJ42: Jul-Sep | AK42: Oct-Dec | AL42: Jan-Mar
A43: Other (categories and values) | C43: Q1 2023/24 | D43: Q2 2023/24 | E43: Q3 2023/24 | F43: Q4 2023/24 | G43: Q1 2024/25 | H43: Q2 2024/25 | I43: Q3 2024/25 | J43: Q4 2024/25 | K43: Q1 2025/26 | L43: Q2 2025/26 | M43: Q3 2025/26 | N43: Q4 2025/26 | O43: Q1 2026/27 | P43: Q2 2026/27 | Q43: Q3 2026/27 | R43: Q4 2026/27 | S43: Q1 2027/28 | T43: Q2 2027/28 | U43: Q3 2027/28 | V43: Q4 2027/28 | W43: Q1 2028/29 | X43: Q2 2028/29 | Y43: Q3 2028/29 | Z43: Q4 2028/29 | AA43: Q1 2029/30 | AB43: Q2 2029/30 | AC43: Q3 2029/30 | AD43: Q4 2029/30 | AE43: Q1 2030/31 | AF43: Q2 2030/31 | AG43: Q3 2030/31 | AH43: Q4 2030/31 | AI43: Q1 2031/32 | AJ43: Q2 2031/32 | AK43: Q3 2031/32 | AL43: Q4 2031/32
A50: REFLECTIONS AND CAVEATS
A51: Please use the free text field opposite to detail any challenges experienced in completing the above, and where additional clarification or amendments may be needed/helpful.
A53: SUGGESTED PRESENTATION | C53: Proposed charts for reporting template. You may wish to use either or both of the below. We suggest this will be presented alongside a list of the top five referers in your area.
A56: NOTES ON COMPLETION
A57: =(A1) -> Indicator 1 | C57: Counting ASP referrals Whether to count something as an ‘ASP referral’ or not should always be determined by the act of the sender (not the receiver) except in the following two scenarios: ● where a referral is received from a non-professional, such as a concerned member of the public with no knowledge or awareness of ASP and unable to ascertain where to direct their concern OR ● when a welfare concern is escalated to an ASP referral. In the above two exceptions, the status of the referral and whether it should be recorded as an ‘ASP referral’ or not would be determined by a worker and not the original source of the referral. ASP referrals tell us about the number of referrals received, and importantly from which sources they come from to inform training needs and awareness raising activities. They should not be expected to match the number of adults referred to ASP Services or subsequent S4 inquiries. More than one ASP referral can be received for the same individual from different agencies that have come into contact with the adult. This may be for: ● The same individual, same incident, and same type of harm at a singular point in time ● The same individual but separate incidents or different types of harm within a short timescale Such referrals may or may not generate a separate inquiry. This will depend on local practices and whether different ASP referrals for the same individual are linked in systems. Recording the source of the ASP referral This should always be the original source of the referral with the following exception. For welfare concern referrals escalated by a social worker to an ASP referral, the original source of the referral should be recorded. For example, a welfare concern from the police escalated to an ASP referral by a social worker should be counted as an ‘ASP referral’ with ‘police’ recorded as the source of the referral.
A59: DEFINITIONS
A60: ASP Referral | C60: ASP referras are made by different stakeholders to the Health and Social Care Partnership’s (HSCP) Adult Protection Service where it is known or believed that an adult is at risk, and that further action may be required to protect the person’s well-being, property or financial affairs. There is a duty on certain public bodies or office holders who know or believe that a person is an adult at risk of harm and that action may need to be taken to protect them, to make an ASP referral. However, ASP referrals may be received from sources in addition to public bodies, including third sector organisations, members of the public, or the person at risk themselves. Referrers do not need to have evidence that all elements of the three-point criteria, as referred to in the Act, have been met. Good practice would dictate that even if in doubt the referral should be made. This should be counted as an ASP referral by the HSCP’s Adult Protection Service receiving it. Following receipt of an ASP referral, if the council knows or believes that the adult is at risk of harm and that it might need to intervene to protect their wellbeing, property or financial affairs, a S4 inquiry must be undertaken.
A61: ASP Referral source categories | C61: These are standard umbrella categories, reflecting service types. We need something that will work for all 32 Local Authority areas. We appreciate, however, that how services are managed (and what professionals are involved within these services) will be different in different areas. Hence the illustrations provided, are just illustrations, and may not be an exact fit with how things are organised in your particular environment. Please be guided by the service type For example, there are Social Work Occupational Therapists (OTs) as well as NHS OTs. The former would be recorded as a social work referral as it is the service, not the job role, which has key importance here. Similarly, workers with the same job title can work in different service types eg a nurse may work in Primary Care, in Acute Services or in Community Health Services. We appreciate that referrals from integrated teams will be harder to categorise. This will need to be a local decision as to whether there is a broad fit with the categories provided’ or if you feel the need to include under ‘other’ - recording further details and any caveats to highlight data issues going forward. Please remember that where you are using the ‘other category’ that you should provide information specifying the referral source. We will review the use of ‘other’ going forward. Be guided by the reason for collecting the ASP referral source Remember that a key reason for collecting the source of an ASP referral is to help you understand what local services are contributing to ASP work, and to inform and help you target what training or awareness raising is required. To support this, you might want to consider training to ensure the data is captured in a consistent way and takes account of how services are organised in your local area. And, while not a requirement of the Minimum Dataset, you may choose to provide further sub-categories under the umbrella categories we have provided locally.
C62: Health source categories
C63: Category | E63: Description / illustrative example
C64: Healthcare Improvement Scotland
C65: NHS 24
C66: NHS Primary Care | E66: GPs, dentists, pharmacists, optometrists or District Nurses.
C67: NHS Acute Services | E67: General hospitals including maternity hospitals, some other community hospitals specialising in care such as rehab or long-term care may be included here or could be added to the community health category.
C68: NHS Specialist Drug and Alcohol services | E68: This would cover all NHS drug and alcohol services in-patient and community based. Please note that drug and alcohol services are typically led and managed under mental health services in the NHS.
C69: NHS Community Health Services | E69: Health visitors, school nurses, family nurses, midwives, community hospital staff, Allied Health Professionals (rehab, day services etc); possibly district nursing depending on local service arrangements.
C70: Mental Health Services – hospital and community | E70: This would cover all in-patient and community based mental health services including Learning Disability services, CAMHS, Psychiatric Liaison and crisis. Also psychology services — mostly mental health but may include other service areas depending on local arrangements. It may also include GP based mental health practitioners - again, depending on local arrangements.
C71: Other Health | E71: E.g. Public Health, Private Healthcare, Prison Healthcare
C72: Scottish Ambulance Service
C73: Care home | E73: This would include care homes from the public, private and third sectors and a mix of professionals.
C74: Housing | E74: This would be inclusive of housing provided by local authorities, private landlords or housing associations and homelessness services.
C75: Children’s Services | E75: Eg Children’s reporter, CELCIS, Barnardos, Women and Children First.
A77: DATE REPORTED
A78: =(A1) -> Indicator 1 | C78: Cumulative number by end of quarter (eg January to March 2023)
A80: RATIONALE
A81: =(A1) -> Indicator 1 | C81: Shows volume of referrals, to identify seasonal or year on year trends. The data also shows which stakeholders are contributing – to inform awareness raising, training or learning and development or guidance needs across stakeholder groups on appropriate referral pathways.’ Totals can be used in combination with Indicator 2 and 3 (inquiries without, and inquiries with- use of investigatory powers) — this provides data on conversion rate. Locally, totals can be used in combination with Indicator 2 and 3 (inquiries without, and inquiries with- use of investigatory powers) — to provide conversion rates.

Sheet 2-3 INQUIRIES
A1: Indicator 2 | C1: INQUIRIES UNDERTAKEN WITHOUT THE USE OF INVESTIGATORY POWERS
A2: Indicator 3 | C2: INQUIRIES UNDERTAKEN WITH THE USE OF INVESTIGATORY POWERS
A4: LOCAL DATA
A5: =A1 -> Indicator 2 | C5: Apr-Jun | D5: Jul-Sep | E5: Oct-Dec | F5: Jan-Mar | G5: Apr-Jun | H5: Jul-Sep | I5: Oct-Dec | J5: Jan-Mar | K5: Apr-Jun | L5: Jul-Sep | M5: Oct-Dec | N5: Jan-Mar | O5: Apr-Jun | P5: Jul-Sep | Q5: Oct-Dec | R5: Jan-Mar | S5: Apr-Jun | T5: Jul-Sep | U5: Oct-Dec | V5: Jan-Mar | W5: Apr-Jun | X5: Jul-Sep | Y5: Oct-Dec | Z5: Jan-Mar | AA5: Apr-Jun | AB5: Jul-Sep | AC5: Oct-Dec | AD5: Jan-Mar | AE5: Apr-Jun | AF5: Jul-Sep | AG5: Oct-Dec | AH5: Jan-Mar | AI5: Apr-Jun | AJ5: Jul-Sep | AK5: Oct-Dec | AL5: Jan-Mar
C6: Q1 2023/24 | D6: Q2 2023/24 | E6: Q3 2023/24 | F6: Q4 2023/24 | G6: Q1 2024/25 | H6: Q2 2024/25 | I6: Q3 2024/25 | J6: Q4 2024/25 | K6: Q1 2025/26 | L6: Q2 2025/26 | M6: Q3 2025/26 | N6: Q4 2025/26 | O6: Q1 2026/27 | P6: Q2 2026/27 | Q6: Q3 2026/27 | R6: Q4 2026/27 | S6: Q1 2027/28 | T6: Q2 2027/28 | U6: Q3 2027/28 | V6: Q4 2027/28 | W6: Q1 2028/29 | X6: Q2 2028/29 | Y6: Q3 2028/29 | Z6: Q4 2028/29 | AA6: Q1 2029/30 | AB6: Q2 2029/30 | AC6: Q3 2029/30 | AD6: Q4 2029/30 | AE6: Q1 2030/31 | AF6: Q2 2030/31 | AG6: Q3 2030/31 | AH6: Q4 2030/31 | AI6: Q1 2031/32 | AJ6: Q2 2031/32 | AK6: Q3 2031/32 | AL6: Q4 2031/32
A7: Total inquiries where investigatory powers are not used
A9: =A2 -> Indicator 3 | C9: Apr-Jun | D9: Jul-Sep | E9: Oct-Dec | F9: Jan-Mar | G9: Apr-Jun | H9: Jul-Sep | I9: Oct-Dec | J9: Jan-Mar | K9: Apr-Jun | L9: Jul-Sep | M9: Oct-Dec | N9: Jan-Mar | O9: Apr-Jun | P9: Jul-Sep | Q9: Oct-Dec | R9: Jan-Mar | S9: Apr-Jun | T9: Jul-Sep | U9: Oct-Dec | V9: Jan-Mar | W9: Apr-Jun | X9: Jul-Sep | Y9: Oct-Dec | Z9: Jan-Mar | AA9: Apr-Jun | AB9: Jul-Sep | AC9: Oct-Dec | AD9: Jan-Mar | AE9: Apr-Jun | AF9: Jul-Sep | AG9: Oct-Dec | AH9: Jan-Mar | AI9: Apr-Jun | AJ9: Jul-Sep | AK9: Oct-Dec | AL9: Jan-Mar
C10: Q1 2023/24 | D10: Q2 2023/24 | E10: Q3 2023/24 | F10: Q4 2023/24 | G10: Q1 2024/25 | H10: Q2 2024/25 | I10: Q3 2024/25 | J10: Q4 2024/25 | K10: Q1 2025/26 | L10: Q2 2025/26 | M10: Q3 2025/26 | N10: Q4 2025/26 | O10: Q1 2026/27 | P10: Q2 2026/27 | Q10: Q3 2026/27 | R10: Q4 2026/27 | S10: Q1 2027/28 | T10: Q2 2027/28 | U10: Q3 2027/28 | V10: Q4 2027/28 | W10: Q1 2028/29 | X10: Q2 2028/29 | Y10: Q3 2028/29 | Z10: Q4 2028/29 | AA10: Q1 2029/30 | AB10: Q2 2029/30 | AC10: Q3 2029/30 | AD10: Q4 2029/30 | AE10: Q1 2030/31 | AF10: Q2 2030/31 | AG10: Q3 2030/31 | AH10: Q4 2030/31 | AI10: Q1 2031/32 | AJ10: Q2 2031/32 | AK10: Q3 2031/32 | AL10: Q4 2031/32
A11: Total inquiries where investigatory powers are used
A13: REFLECTIONS AND CAVEATS
A14: Please use the free text field opposite to detail any challenges experienced in completing the above, and where additional clarification or amendments may be needed/helpful.
A16: SUGGESTED PRESENTATION
A19: HELPER TABLES FOR I2-3 CHARTS
A20: Inquiries as percent of whole | C20: Apr-Jun | D20: Jul-Sep | E20: Oct-Dec | F20: Jan-Mar | G20: Apr-Jun | H20: Jul-Sep | I20: Oct-Dec | J20: Jan-Mar | K20: Apr-Jun | L20: Jul-Sep | M20: Oct-Dec | N20: Jan-Mar | O20: Apr-Jun | P20: Jul-Sep | Q20: Oct-Dec | R20: Jan-Mar | S20: Apr-Jun | T20: Jul-Sep | U20: Oct-Dec | V20: Jan-Mar | W20: Apr-Jun | X20: Jul-Sep | Y20: Oct-Dec | Z20: Jan-Mar | AA20: Apr-Jun | AB20: Jul-Sep | AC20: Oct-Dec | AD20: Jan-Mar | AE20: Apr-Jun | AF20: Jul-Sep | AG20: Oct-Dec | AH20: Jan-Mar | AI20: Apr-Jun | AJ20: Jul-Sep | AK20: Oct-Dec | AL20: Jan-Mar
A21: NOT TO BE USED FOR DATA ENTRY | C21: Q1 2023/24 | D21: Q2 2023/24 | E21: Q3 2023/24 | F21: Q4 2023/24 | G21: Q1 2024/25 | H21: Q2 2024/25 | I21: Q3 2024/25 | J21: Q4 2024/25 | K21: Q1 2025/26 | L21: Q2 2025/26 | M21: Q3 2025/26 | N21: Q4 2025/26 | O21: Q1 2026/27 | P21: Q2 2026/27 | Q21: Q3 2026/27 | R21: Q4 2026/27 | S21: Q1 2027/28 | T21: Q2 2027/28 | U21: Q3 2027/28 | V21: Q4 2027/28 | W21: Q1 2028/29 | X21: Q2 2028/29 | Y21: Q3 2028/29 | Z21: Q4 2028/29 | AA21: Q1 2029/30 | AB21: Q2 2029/30 | AC21: Q3 2029/30 | AD21: Q4 2029/30 | AE21: Q1 2030/31 | AF21: Q2 2030/31 | AG21: Q3 2030/31 | AH21: Q4 2030/31 | AI21: Q1 2031/32 | AJ21: Q2 2031/32 | AK21: Q3 2031/32 | AL21: Q4 2031/32
A22: Total inquiries where investigatory powers are not used (%) | C22: =IFERROR(ROUND(('2-3 INQUIRIES'!C7/'Conversion data'!C7)*100,1),0) -> 0 | D22: =IFERROR(ROUND(('2-3 INQUIRIES'!D7/'Conversion data'!D7)*100,1),0) -> 0 | E22: =IFERROR(ROUND(('2-3 INQUIRIES'!E7/'Conversion data'!E7)*100,1),0) -> 0 | F22: =IFERROR(ROUND(('2-3 INQUIRIES'!F7/'Conversion data'!F7)*100,1),0) -> 0 | G22: =IFERROR(ROUND(('2-3 INQUIRIES'!G7/'Conversion data'!G7)*100,1),0) -> 0 | H22: =IFERROR(ROUND(('2-3 INQUIRIES'!H7/'Conversion data'!H7)*100,1),0) -> 0 | I22: =IFERROR(ROUND(('2-3 INQUIRIES'!I7/'Conversion data'!I7)*100,1),0) -> 0 | J22: =IFERROR(ROUND(('2-3 INQUIRIES'!J7/'Conversion data'!J7)*100,1),0) -> 0 | ... AL22: =IFERROR(ROUND(('2-3 INQUIRIES'!AL7/'Conversion data'!AL7)*100,1),0) -> 0
A23: Total inquiries where investigatory powers are used (%) | C23: =IFERROR(ROUND(('2-3 INQUIRIES'!C11/'Conversion data'!C7)*100,1),0) -> 0 | D23: =IFERROR(ROUND(('2-3 INQUIRIES'!D11/'Conversion data'!D7)*100,1),0) -> 0 | E23: =IFERROR(ROUND(('2-3 INQUIRIES'!E11/'Conversion data'!E7)*100,1),0) -> 0 | F23: =IFERROR(ROUND(('2-3 INQUIRIES'!F11/'Conversion data'!F7)*100,1),0) -> 0 | G23: =IFERROR(ROUND(('2-3 INQUIRIES'!G11/'Conversion data'!G7)*100,1),0) -> 0 | H23: =IFERROR(ROUND(('2-3 INQUIRIES'!H11/'Conversion data'!H7)*100,1),0) -> 0 | I23: =IFERROR(ROUND(('2-3 INQUIRIES'!I11/'Conversion data'!I7)*100,1),0) -> 0 | J23: =IFERROR(ROUND(('2-3 INQUIRIES'!J11/'Conversion data'!J7)*100,1),0) -> 0 | ... AL23: =IFERROR(ROUND(('2-3 INQUIRIES'!AL11/'Conversion data'!AL7)*100,1),0) -> 0
A25: NOTES ON COMPLETION
A26: =(A1&" and "&A2) -> Indicator 2 and Indicator 3 | C26: It is the trigger point of an inquiry that determines what quarter it should be recorded in. This is pertinent to inquiries that conclude without use of investigatory powers, and to inquiries that use investigatory powers. Further notes We do not expect ASP referrals to match the number of inquiries. We know, for example, that multiple agencies can make an ASP referral for the same person- triggered by the same or a different incident. Neither should we equate the number of inquiries with the number of adults being inquired about. For example, a fresh ASP referral may result in a new inquiry being triggered in a quarter, if the previous inquiry has been closed. If it has not been closed, it would be a continuing inquiry with new information. Equally, if an initial case conference is pending or an adult has an ASPP in place, an ASP referral would provide new information, but would not necessarily trigger a new inquiry. We are aware that, in certain areas, some ASP referrals are closed to ASP processes before an S4 inquiry has been undertaken (separate from those circumstances described above). These may be passed/signposted to another team or service in the absence of a S4 inquiry. Guidance and clarification has been requested from the Scottish Government on the general duty to make inquiries under S4 of the Act. Any clarifying or best practice information received will contribute to future minimum dataset guidance regarding these particular indicators.
A28: DEFINITIONS
A29: Inquiries and inquiries using investigatory powers | C29: The purpose of an inquiry, with or without use of investigatory powers, is to ascertain whether adults are at risk of harm, and whether the council may need to intervene, provide support, or any other assistance to the adult or any carer. Any use of investigatory powers is triggered through the S4 duty to inquire under the Act. An inquiry using investigatory powers requires the involvement of a council officer (an individual appointed by a council to perform specific functions under the terms of the Act). It may also require production of a risk assessment if initial inquiries show that further ASP activity is warranted. An inquiry which does not use investigatory powers may or may not require the involvement of a council officer, depending on local arrangements and the nature of the tasks. The collation and consideration of relevant materials, including consideration of previous records relating to the individual and seeking the views of other agencies and professionals, does not necessarily need to be undertaken by a council officer if these inquiries do not include use of investigatory powers. Investigatory powers will be required, and a council officer involved, where there is a need for a visit and direct contact with the adult for interview or medical examination, or for the examination of record (undertaking activity from Sections 7-10 of the Act). Inquiries may involve a single agency or more, as relevant to the case. It should be noted that use of inquiries (with or without use of investigatory powers) supports a move away from talking about inquiries and investigations, and is aligned with the revised Code of Practice (July 2022).
A31: DATE REPORTED
A32: =(A1&" – "&A2) -> Indicator 2 – Indicator 3 | C32: Cumulative number by end of quarter (eg January to March 2023)

Sheet Conversion data
A1: Supplemental | C1: CONVERSION RATES OF REFERRALS TO INQUIRIES
A3: LOCAL DATA
A4: Conversion data | C4: Apr-Jun | D4: Jul-Sep | E4: Oct-Dec | F4: Jan-Mar | G4: Apr-Jun | H4: Jul-Sep | I4: Oct-Dec | J4: Jan-Mar | K4: Apr-Jun | L4: Jul-Sep | M4: Oct-Dec | N4: Jan-Mar | O4: Apr-Jun | P4: Jul-Sep | Q4: Oct-Dec | R4: Jan-Mar | S4: Apr-Jun | T4: Jul-Sep | U4: Oct-Dec | V4: Jan-Mar | W4: Apr-Jun | X4: Jul-Sep | Y4: Oct-Dec | Z4: Jan-Mar | AA4: Apr-Jun | AB4: Jul-Sep | AC4: Oct-Dec | AD4: Jan-Mar | AE4: Apr-Jun | AF4: Jul-Sep | AG4: Oct-Dec | AH4: Jan-Mar | AI4: Apr-Jun | AJ4: Jul-Sep | AK4: Oct-Dec | AL4: Jan-Mar
A5: NOT TO BE USED FOR DATA ENTRY | C5: Q1 2023/24 | D5: Q2 2023/24 | E5: Q3 2023/24 | F5: Q4 2023/24 | G5: Q1 2024/25 | H5: Q2 2024/25 | I5: Q3 2024/25 | J5: Q4 2024/25 | K5: Q1 2025/26 | L5: Q2 2025/26 | M5: Q3 2025/26 | N5: Q4 2025/26 | O5: Q1 2026/27 | P5: Q2 2026/27 | Q5: Q3 2026/27 | R5: Q4 2026/27 | S5: Q1 2027/28 | T5: Q2 2027/28 | U5: Q3 2027/28 | V5: Q4 2027/28 | W5: Q1 2028/29 | X5: Q2 2028/29 | Y5: Q3 2028/29 | Z5: Q4 2028/29 | AA5: Q1 2029/30 | AB5: Q2 2029/30 | AC5: Q3 2029/30 | AD5: Q4 2029/30 | AE5: Q1 2030/31 | AF5: Q2 2030/31 | AG5: Q3 2030/31 | AH5: Q4 2030/31 | AI5: Q1 2031/32 | AJ5: Q2 2031/32 | AK5: Q3 2031/32 | AL5: Q4 2031/32
A6: Total referrals | C6: ='1 ASP REFERRALS'!C39 -> 0 | D6: ='1 ASP REFERRALS'!D39 -> 0 | E6: ='1 ASP REFERRALS'!E39 -> 0 | F6: ='1 ASP REFERRALS'!F39 -> 0 | G6: ='1 ASP REFERRALS'!G39 -> 0 | H6: ='1 ASP REFERRALS'!H39 -> 0 | I6: ='1 ASP REFERRALS'!I39 -> 0 | J6: ='1 ASP REFERRALS'!J39 -> 0 | ... AL6: ='1 ASP REFERRALS'!AL39 -> 0
A7: Total inquiries | C7: =SUM('2-3 INQUIRIES'!C7+'2-3 INQUIRIES'!C11) -> 0 | D7: =SUM('2-3 INQUIRIES'!D7+'2-3 INQUIRIES'!D11) -> 0 | E7: =SUM('2-3 INQUIRIES'!E7+'2-3 INQUIRIES'!E11) -> 0 | F7: =SUM('2-3 INQUIRIES'!F7+'2-3 INQUIRIES'!F11) -> 0 | G7: =SUM('2-3 INQUIRIES'!G7+'2-3 INQUIRIES'!G11) -> 0 | H7: =SUM('2-3 INQUIRIES'!H7+'2-3 INQUIRIES'!H11) -> 0 | I7: =SUM('2-3 INQUIRIES'!I7+'2-3 INQUIRIES'!I11) -> 0 | J7: =SUM('2-3 INQUIRIES'!J7+'2-3 INQUIRIES'!J11) -> 0 | ... AL7: =SUM('2-3 INQUIRIES'!AL7+'2-3 INQUIRIES'!AL11) -> 0
A8: Conversion rate (%) | C8: =IFERROR(ROUND((C7/C6)*100,1),0) -> 0 | D8: =IFERROR(ROUND((D7/D6)*100,1),0) -> 0 | E8: =IFERROR(ROUND((E7/E6)*100,1),0) -> 0 | F8: =IFERROR(ROUND((F7/F6)*100,1),0) -> 0 | G8: =IFERROR(ROUND((G7/G6)*100,1),0) -> 0 | H8: =IFERROR(ROUND((H7/H6)*100,1),0) -> 0 | I8: =IFERROR(ROUND((I7/I6)*100,1),0) -> 0 | J8: =IFERROR(ROUND((J7/J6)*100,1),0) -> 0 | ... AL8: =IFERROR(ROUND((AL7/AL6)*100,1),0) -> 0
A9: ='2-3 INQUIRIES'!A7 -> Total inquiries where investigatory powers are not used | C9: ='2-3 INQUIRIES'!C7 -> 0 | D9: ='2-3 INQUIRIES'!D7 -> 0 | E9: ='2-3 INQUIRIES'!E7 -> 0 | F9: ='2-3 INQUIRIES'!F7 -> 0 | G9: ='2-3 INQUIRIES'!G7 -> 0 | H9: ='2-3 INQUIRIES'!H7 -> 0 | I9: ='2-3 INQUIRIES'!I7 -> 0 | J9: ='2-3 INQUIRIES'!J7 -> 0 | ... AL9: ='2-3 INQUIRIES'!AL7 -> 0
A10: ='2-3 INQUIRIES'!A11 -> Total inquiries where investigatory powers are used | C10: ='2-3 INQUIRIES'!C11 -> 0 | D10: ='2-3 INQUIRIES'!D11 -> 0 | E10: ='2-3 INQUIRIES'!E11 -> 0 | F10: ='2-3 INQUIRIES'!F11 -> 0 | G10: ='2-3 INQUIRIES'!G11 -> 0 | H10: ='2-3 INQUIRIES'!H11 -> 0 | I10: ='2-3 INQUIRIES'!I11 -> 0 | J10: ='2-3 INQUIRIES'!J11 -> 0 | ... AL10: ='2-3 INQUIRIES'!AL11 -> 0
A11: =A8 & " " & A9 -> Conversion rate (%) Total inquiries where investigatory powers are not used | C11: =IFERROR(ROUND((C9/C6)*100,1),0) -> 0 | D11: =IFERROR(ROUND((D9/D6)*100,1),0) -> 0 | E11: =IFERROR(ROUND((E9/E6)*100,1),0) -> 0 | F11: =IFERROR(ROUND((F9/F6)*100,1),0) -> 0 | G11: =IFERROR(ROUND((G9/G6)*100,1),0) -> 0 | H11: =IFERROR(ROUND((H9/H6)*100,1),0) -> 0 | I11: =IFERROR(ROUND((I9/I6)*100,1),0) -> 0 | J11: =IFERROR(ROUND((J9/J6)*100,1),0) -> 0 | ... AL11: =IFERROR(ROUND((AL9/AL6)*100,1),0) -> 0
A12: =A8 & " " & A10 -> Conversion rate (%) Total inquiries where investigatory powers are used | C12: =IFERROR(ROUND((C10/C6)*100,1),0) -> 0 | D12: =IFERROR(ROUND((D10/D6)*100,1),0) -> 0 | E12: =IFERROR(ROUND((E10/E6)*100,1),0) -> 0 | F12: =IFERROR(ROUND((F10/F6)*100,1),0) -> 0 | G12: =IFERROR(ROUND((G10/G6)*100,1),0) -> 0 | H12: =IFERROR(ROUND((H10/H6)*100,1),0) -> 0 | I12: =IFERROR(ROUND((I10/I6)*100,1),0) -> 0 | J12: =IFERROR(ROUND((J10/J6)*100,1),0) -> 0 | ... AL12: =IFERROR(ROUND((AL10/AL6)*100,1),0) -> 0
A14: SUGGESTED PRESENTATION

Sheet 4 CCs
A1: Indicator 4a | C1: INITIAL CASE CONFERENCES
A2: Indicator 4b | C2: REVIEW CASE CONFERENCES
A4: LOCAL DATA
A5: =(A1&" - "&A2) -> Indicator 4a - Indicator 4b | C5: Apr-Jun | D5: Jul-Sep | E5: Oct-Dec | F5: Jan-Mar | G5: Apr-Jun | H5: Jul-Sep | I5: Oct-Dec | J5: Jan-Mar | K5: Apr-Jun | L5: Jul-Sep | M5: Oct-Dec | N5: Jan-Mar | O5: Apr-Jun | P5: Jul-Sep | Q5: Oct-Dec | R5: Jan-Mar | S5: Apr-Jun | T5: Jul-Sep | U5: Oct-Dec | V5: Jan-Mar | W5: Apr-Jun | X5: Jul-Sep | Y5: Oct-Dec | Z5: Jan-Mar | AA5: Apr-Jun | AB5: Jul-Sep | AC5: Oct-Dec | AD5: Jan-Mar | AE5: Apr-Jun | AF5: Jul-Sep | AG5: Oct-Dec | AH5: Jan-Mar | AI5: Apr-Jun | AJ5: Jul-Sep | AK5: Oct-Dec | AL5: Jan-Mar
C6: Q1 2023/24 | D6: Q2 2023/24 | E6: Q3 2023/24 | F6: Q4 2023/24 | G6: Q1 2024/25 | H6: Q2 2024/25 | I6: Q3 2024/25 | J6: Q4 2024/25 | K6: Q1 2025/26 | L6: Q2 2025/26 | M6: Q3 2025/26 | N6: Q4 2025/26 | O6: Q1 2026/27 | P6: Q2 2026/27 | Q6: Q3 2026/27 | R6: Q4 2026/27 | S6: Q1 2027/28 | T6: Q2 2027/28 | U6: Q3 2027/28 | V6: Q4 2027/28 | W6: Q1 2028/29 | X6: Q2 2028/29 | Y6: Q3 2028/29 | Z6: Q4 2028/29 | AA6: Q1 2029/30 | AB6: Q2 2029/30 | AC6: Q3 2029/30 | AD6: Q4 2029/30 | AE6: Q1 2030/31 | AF6: Q2 2030/31 | AG6: Q3 2030/31 | AH6: Q4 2030/31 | AI6: Q1 2031/32 | AJ6: Q2 2031/32 | AK6: Q3 2031/32 | AL6: Q4 2031/32
A7: Number of initial case conferences
A8: Number of review case conferences
A9: Total | C9: =SUM(C7:C8) -> 0 | D9: =SUM(D7:D8) -> 0 | E9: =SUM(E7:E8) -> 0 | F9: =SUM(F7:F8) -> 0 | G9: =SUM(G7:G8) -> 0 | H9: =SUM(H7:H8) -> 0 | I9: =SUM(I7:I8) -> 0 | J9: =SUM(J7:J8) -> 0 | ... AL9: =SUM(AL7:AL8) -> 0
A11: REFLECTIONS AND CAVEATS
A12: Please use the free text field opposite to detail any challenges experienced in completing the above, and where additional clarification or amendments may be needed/helpful.
A15: SUGGESTED PRESENTATION
A18: NOTES ON COMPLETION
A19: =(A1&" – "&A2) -> Indicator 4a – Indicator 4b
A21: DEFINITIONS
A22: Case conferences
A24: DATE REPORTED
A25: =(A1&" – "&A2) -> Indicator 4a – Indicator 4b | C25: Cumulative number by end of quarter (eg January to March 2023)
A27: RATIONALE
A28: =(A1) -> Indicator 4a | C28: Tells us about levels of activity and resource demands on workforce; indicator on numbers of 'adults at risk' where further action is anticipated.
A29: =(A2) -> Indicator 4b | C29: Tells us about levels of activity and resource demands on workforce; tells us about due diligence in managing and monitoring individual cases.

Sheet 5-7 CC ATTENDEES
A1: Indicator 5a | C1: ADULTS AT RISK INVITED TO ATTEND A CASE CONFERENCE (TOTAL)
A2: Indicator 5b | C2: ADULTS AT RISK INVITED TO ATTEND A CASE CONFERENCE (PERCENTAGE UPTAKE)
A3: Indicator 6a | C3: INDEPENDENT ADVOCATES INVITED TO ATTEND A CASE CONFERENCE (TOTAL)
A4: Indicator 6b | C4: INDEPENDENT ADVOCATES INVITED TO ATTEND A CASE CONFERENCE (PERCENTAGE UPTAKE)
A6: LOCAL DATA
A7: =(A1&" - "&A2) -> Indicator 5a - Indicator 5b | C7: Apr-Jun | D7: Jul-Sep | E7: Oct-Dec | F7: Jan-Mar | G7: Apr-Jun | H7: Jul-Sep | I7: Oct-Dec | J7: Jan-Mar | K7: Apr-Jun | L7: Jul-Sep | M7: Oct-Dec | N7: Jan-Mar | O7: Apr-Jun | P7: Jul-Sep | Q7: Oct-Dec | R7: Jan-Mar | S7: Apr-Jun | T7: Jul-Sep | U7: Oct-Dec | V7: Jan-Mar | W7: Apr-Jun | X7: Jul-Sep | Y7: Oct-Dec | Z7: Jan-Mar | AA7: Apr-Jun | AB7: Jul-Sep | AC7: Oct-Dec | AD7: Jan-Mar | AE7: Apr-Jun | AF7: Jul-Sep | AG7: Oct-Dec | AH7: Jan-Mar | AI7: Apr-Jun | AJ7: Jul-Sep | AK7: Oct-Dec | AL7: Jan-Mar
C8: Q1 2023/24 | D8: Q2 2023/24 | E8: Q3 2023/24 | F8: Q4 2023/24 | G8: Q1 2024/25 | H8: Q2 2024/25 | I8: Q3 2024/25 | J8: Q4 2024/25 | K8: Q1 2025/26 | L8: Q2 2025/26 | M8: Q3 2025/26 | N8: Q4 2025/26 | O8: Q1 2026/27 | P8: Q2 2026/27 | Q8: Q3 2026/27 | R8: Q4 2026/27 | S8: Q1 2027/28 | T8: Q2 2027/28 | U8: Q3 2027/28 | V8: Q4 2027/28 | W8: Q1 2028/29 | X8: Q2 2028/29 | Y8: Q3 2028/29 | Z8: Q4 2028/29 | AA8: Q1 2029/30 | AB8: Q2 2029/30 | AC8: Q3 2029/30 | AD8: Q4 2029/30 | AE8: Q1 2030/31 | AF8: Q2 2030/31 | AG8: Q3 2030/31 | AH8: Q4 2030/31 | AI8: Q1 2031/32 | AJ8: Q2 2031/32 | AK8: Q3 2031/32 | AL8: Q4 2031/32
A9: Adults at risk invited to attend a case conference (total)
A10: Adults at risk invited to attend a case conference (percentage uptake)
A12: =(A3&" - "&A4) -> Indicator 6a - Indicator 6b | C12: Apr-Jun | D12: Jul-Sep | E12: Oct-Dec | F12: Jan-Mar | G12: Apr-Jun | H12: Jul-Sep | I12: Oct-Dec | J12: Jan-Mar | K12: Apr-Jun | L12: Jul-Sep | M12: Oct-Dec | N12: Jan-Mar | O12: Apr-Jun | P12: Jul-Sep | Q12: Oct-Dec | R12: Jan-Mar | S12: Apr-Jun | T12: Jul-Sep | U12: Oct-Dec | V12: Jan-Mar | W12: Apr-Jun | X12: Jul-Sep | Y12: Oct-Dec | Z12: Jan-Mar | AA12: Apr-Jun | AB12: Jul-Sep | AC12: Oct-Dec | AD12: Jan-Mar | AE12: Apr-Jun | AF12: Jul-Sep | AG12: Oct-Dec | AH12: Jan-Mar | AI12: Apr-Jun | AJ12: Jul-Sep | AK12: Oct-Dec | AL12: Jan-Mar
C13: Q1 2023/24 | D13: Q2 2023/24 | E13: Q3 2023/24 | F13: Q4 2023/24 | G13: Q1 2024/25 | H13: Q2 2024/25 | I13: Q3 2024/25 | J13: Q4 2024/25 | K13: Q1 2025/26 | L13: Q2 2025/26 | M13: Q3 2025/26 | N13: Q4 2025/26 | O13: Q1 2026/27 | P13: Q2 2026/27 | Q13: Q3 2026/27 | R13: Q4 2026/27 | S13: Q1 2027/28 | T13: Q2 2027/28 | U13: Q3 2027/28 | V13: Q4 2027/28 | W13: Q1 2028/29 | X13: Q2 2028/29 | Y13: Q3 2028/29 | Z13: Q4 2028/29 | AA13: Q1 2029/30 | AB13: Q2 2029/30 | AC13: Q3 2029/30 | AD13: Q4 2029/30 | AE13: Q1 2030/31 | AF13: Q2 2030/31 | AG13: Q3 2030/31 | AH13: Q4 2030/31 | AI13: Q1 2031/32 | AJ13: Q2 2031/32 | AK13: Q3 2031/32 | AL13: Q4 2031/32
A14: Number of case conferences where an independent advocate has been invited (total)
A15: Uptake of invitations to attend a case conference by independent advocate (percentage)
A17: REFLECTIONS AND CAVEATS
A18: Please use the free text field opposite to detail any challenges experienced in completing the above, and where additional clarification or amendments may be needed/helpful.
A20: SUGGESTED PRESENTATION
A22: HELPER TABLES FOR I.5-6 CHARTS
A23: Indicator 5a - Indicator 5b | C23: Apr-Jun | D23: Jul-Sep | E23: Oct-Dec | F23: Jan-Mar | G23: Apr-Jun | H23: Jul-Sep | I23: Oct-Dec | J23: Jan-Mar | K23: Apr-Jun | L23: Jul-Sep | M23: Oct-Dec | N23: Jan-Mar | O23: Apr-Jun | P23: Jul-Sep | Q23: Oct-Dec | R23: Jan-Mar | S23: Apr-Jun | T23: Jul-Sep | U23: Oct-Dec | V23: Jan-Mar | W23: Apr-Jun | X23: Jul-Sep | Y23: Oct-Dec | Z23: Jan-Mar | AA23: Apr-Jun | AB23: Jul-Sep | AC23: Oct-Dec | AD23: Jan-Mar | AE23: Apr-Jun | AF23: Jul-Sep | AG23: Oct-Dec | AH23: Jan-Mar | AI23: Apr-Jun | AJ23: Jul-Sep | AK23: Oct-Dec | AL23: Jan-Mar
A24: NOT TO BE USED FOR DATA ENTRY | C24: Q1 2023/24 | D24: Q2 2023/24 | E24: Q3 2023/24 | F24: Q4 2023/24 | G24: Q1 2024/25 | H24: Q2 2024/25 | I24: Q3 2024/25 | J24: Q4 2024/25 | K24: Q1 2025/26 | L24: Q2 2025/26 | M24: Q3 2025/26 | N24: Q4 2025/26 | O24: Q1 2026/27 | P24: Q2 2026/27 | Q24: Q3 2026/27 | R24: Q4 2026/27 | S24: Q1 2027/28 | T24: Q2 2027/28 | U24: Q3 2027/28 | V24: Q4 2027/28 | W24: Q1 2028/29 | X24: Q2 2028/29 | Y24: Q3 2028/29 | Z24: Q4 2028/29 | AA24: Q1 2029/30 | AB24: Q2 2029/30 | AC24: Q3 2029/30 | AD24: Q4 2029/30 | AE24: Q1 2030/31 | AF24: Q2 2030/31 | AG24: Q3 2030/31 | AH24: Q4 2030/31 | AI24: Q1 2031/32 | AJ24: Q2 2031/32 | AK24: Q3 2031/32 | AL24: Q4 2031/32
A25: Number of adults who did attend | C25: =IFERROR(ROUND('5-7 CC ATTENDEES'!C9*('5-7 CC ATTENDEES'!C10/100),1),0) -> 0 | D25: =IFERROR(ROUND('5-7 CC ATTENDEES'!D9*('5-7 CC ATTENDEES'!D10/100),1),0) -> 0 | E25: =IFERROR(ROUND('5-7 CC ATTENDEES'!E9*('5-7 CC ATTENDEES'!E10/100),1),0) -> 0 | F25: =IFERROR(ROUND('5-7 CC ATTENDEES'!F9*('5-7 CC ATTENDEES'!F10/100),1),0) -> 0 | G25: =IFERROR(ROUND('5-7 CC ATTENDEES'!G9*('5-7 CC ATTENDEES'!G10/100),1),0) -> 0 | H25: =IFERROR(ROUND('5-7 CC ATTENDEES'!H9*('5-7 CC ATTENDEES'!H10/100),1),0) -> 0 | I25: =IFERROR(ROUND('5-7 CC ATTENDEES'!I9*('5-7 CC ATTENDEES'!I10/100),1),0) -> 0 | J25: =IFERROR(ROUND('5-7 CC ATTENDEES'!J9*('5-7 CC ATTENDEES'!J10/100),1),0) -> 0 | ... AL25: =IFERROR(ROUND('5-7 CC ATTENDEES'!AL9*('5-7 CC ATTENDEES'!AL10/100),1),0) -> 0
A26: Indicator 6a - Indicator 6b | C26: Apr-Jun | D26: Jul-Sep | E26: Oct-Dec | F26: Jan-Mar | G26: Apr-Jun | H26: Jul-Sep | I26: Oct-Dec | J26: Jan-Mar | K26: Apr-Jun | L26: Jul-Sep | M26: Oct-Dec | N26: Jan-Mar | O26: Apr-Jun | P26: Jul-Sep | Q26: Oct-Dec | R26: Jan-Mar | S26: Apr-Jun | T26: Jul-Sep | U26: Oct-Dec | V26: Jan-Mar | W26: Apr-Jun | X26: Jul-Sep | Y26: Oct-Dec | Z26: Jan-Mar | AA26: Apr-Jun | AB26: Jul-Sep | AC26: Oct-Dec | AD26: Jan-Mar | AE26: Apr-Jun | AF26: Jul-Sep | AG26: Oct-Dec | AH26: Jan-Mar | AI26: Apr-Jun | AJ26: Jul-Sep | AK26: Oct-Dec | AL26: Jan-Mar
A27: NOT TO BE USED FOR DATA ENTRY | C27: Q1 2023/24 | D27: Q2 2023/24 | E27: Q3 2023/24 | F27: Q4 2023/24 | G27: Q1 2024/25 | H27: Q2 2024/25 | I27: Q3 2024/25 | J27: Q4 2024/25 | K27: Q1 2025/26 | L27: Q2 2025/26 | M27: Q3 2025/26 | N27: Q4 2025/26 | O27: Q1 2026/27 | P27: Q2 2026/27 | Q27: Q3 2026/27 | R27: Q4 2026/27 | S27: Q1 2027/28 | T27: Q2 2027/28 | U27: Q3 2027/28 | V27: Q4 2027/28 | W27: Q1 2028/29 | X27: Q2 2028/29 | Y27: Q3 2028/29 | Z27: Q4 2028/29 | AA27: Q1 2029/30 | AB27: Q2 2029/30 | AC27: Q3 2029/30 | AD27: Q4 2029/30 | AE27: Q1 2030/31 | AF27: Q2 2030/31 | AG27: Q3 2030/31 | AH27: Q4 2030/31 | AI27: Q1 2031/32 | AJ27: Q2 2031/32 | AK27: Q3 2031/32 | AL27: Q4 2031/32
A28: Number of independent advocates who did attend | C28: =IFERROR(ROUND('5-7 CC ATTENDEES'!C14*('5-7 CC ATTENDEES'!C15/100),1),0) -> 0 | D28: =IFERROR(ROUND('5-7 CC ATTENDEES'!D14*('5-7 CC ATTENDEES'!D15/100),1),0) -> 0 | E28: =IFERROR(ROUND('5-7 CC ATTENDEES'!E14*('5-7 CC ATTENDEES'!E15/100),1),0) -> 0 | F28: =IFERROR(ROUND('5-7 CC ATTENDEES'!F14*('5-7 CC ATTENDEES'!F15/100),1),0) -> 0 | G28: =IFERROR(ROUND('5-7 CC ATTENDEES'!G14*('5-7 CC ATTENDEES'!G15/100),1),0) -> 0 | H28: =IFERROR(ROUND('5-7 CC ATTENDEES'!H14*('5-7 CC ATTENDEES'!H15/100),1),0) -> 0 | I28: =IFERROR(ROUND('5-7 CC ATTENDEES'!I14*('5-7 CC ATTENDEES'!I15/100),1),0) -> 0 | J28: =IFERROR(ROUND('5-7 CC ATTENDEES'!J14*('5-7 CC ATTENDEES'!J15/100),1),0) -> 0 | ... AL28: =IFERROR(ROUND('5-7 CC ATTENDEES'!AL14*('5-7 CC ATTENDEES'!AL15/100),1),0) -> 0
A30: NOTES ON COMPLETION
A31: =(A2&" and "&A4) -> Indicator 5b and Indicator 6b | C31: The percentage of those invited to attend a case conference who took up the offer. Please DO NOT add percentage symbol (%) after the value — it should be inserted automatically.
A32: Indicators 6a & 6b | C32: If more than one independent advocate was ever invited to attend on behalf of the adult at risk, this should be recorded as a single count.
A34: DEFINITIONS
A35: Case conferences | C35: The purpose of case conferences will be defined by local procedures but should include: the sharing of information relating to possible harm; the joint assessment of current and ongoing risk; agreement of a specific and detailed Support and Protection Plan (where required) with timescales for addressing risks and providing services to support and protect the adult. They are sometimes referred to as ‘initial’ and ‘review’ case conferences. Case conferences should be as inclusive of multi-agencies as relevant. There is a presumption that the adult themselves will be in attendance (unless it is considered not to be in their best interests) or the adult freely chooses not to attend with no undue pressure from others. It will consider actions that may need to be taken under the Adult protection legislation, but may also explore options for protecting people under other legislation - including (but not restricted to) provisions under the Mental Health (Care and Treatment) (Scotland) Act 2003 and the Adults with Incapacity (Scotland) Act 2000.
A36: Independent advocate | C36: An independent advocate is provided by a professional service, and cannot be provided by a friend or carer.
A38: DATE REPORTED
A39: =(A1&" – "&A4) -> Indicator 5a – Indicator 6b | C39: Cumulative number by end of quarter (eg January to March 2023)
A41: RATIONALE
A42: =(A1&" – "&A2) -> Indicator 5a – Indicator 5b | C42: Tells us where the 'adult at risk' has been involved, as a contributory factor to their views being taken into account.
A43: =(A3&" – "&A4) -> Indicator 6a – Indicator 6b | C43: Indicates that were are meeting our duty to consider advocacy after the decision has been made to intervene, contributing to the views of the adult being taken into account. Further notes Under the ASPA (2007), there is a duty to consider the provision of advocacy and other services after a decision has been made to intervene (S6). This is for an independent advocate to support the adult at risk to ‘participate as fully as possible’ in understanding, assessing and managing risk and to ensure that the adult’s views and wishes are central. Supported decision-making processes and principles should be considered. This is connected to the duty to balance the need for intervention with the adult’s wishes and right to live as independently as possible, and ensuing actions to ensure that they are safe, protected, supported, involved and consulted. There is not an absolute right to independent advocacy in all cases, as the practitioner has to consider whether or not it is helpful to the adult. However, in cases where the adult has a diagnosed mental health condition, independent advocacy must be offered. Where advocacy is offered, but declined by the adult or not deemed appropriate, it is good practice that the reasons for this should be clearly recorded, as should the reasons for not referring to any other ‘appropriate’ services. This decision should be re-visited and recorded at each formal review e.g. multi-agency meetings, reviews or professional meetings.

Sheet 8-9 ASPPs & POWERS
A1: Indicator 8a | C1: NUMBER OF ADULTS ON ASPPs IN TOTAL AT END OF QUARTER
A2: Indicator 8b | C2: NUMBER OF ADULTS WITH NEWLY COMMENCED ASPPs WITHIN QUARTER ONLY
A3: Indicator 9a | C3: PROTECTION ORDERS (APPLIED FOR)
A4: Indicator 9b | C4: PROTECTION ORDERS (GRANTED)
A6: LOCAL DATA
A7: =(A1&" - "&A2) -> Indicator 8a - Indicator 8b | C7: Apr-Jun | D7: Jul-Sep | E7: Oct-Dec | F7: Jan-Mar | G7: Apr-Jun | H7: Jul-Sep | I7: Oct-Dec | J7: Jan-Mar | K7: Apr-Jun | L7: Jul-Sep | M7: Oct-Dec | N7: Jan-Mar | O7: Apr-Jun | P7: Jul-Sep | Q7: Oct-Dec | R7: Jan-Mar | S7: Apr-Jun | T7: Jul-Sep | U7: Oct-Dec | V7: Jan-Mar | W7: Apr-Jun | X7: Jul-Sep | Y7: Oct-Dec | Z7: Jan-Mar | AA7: Apr-Jun | AB7: Jul-Sep | AC7: Oct-Dec | AD7: Jan-Mar | AE7: Apr-Jun | AF7: Jul-Sep | AG7: Oct-Dec | AH7: Jan-Mar | AI7: Apr-Jun | AJ7: Jul-Sep | AK7: Oct-Dec | AL7: Jan-Mar
C8: Q1 2023/24 | D8: Q2 2023/24 | E8: Q3 2023/24 | F8: Q4 2023/24 | G8: Q1 2024/25 | H8: Q2 2024/25 | I8: Q3 2024/25 | J8: Q4 2024/25 | K8: Q1 2025/26 | L8: Q2 2025/26 | M8: Q3 2025/26 | N8: Q4 2025/26 | O8: Q1 2026/27 | P8: Q2 2026/27 | Q8: Q3 2026/27 | R8: Q4 2026/27 | S8: Q1 2027/28 | T8: Q2 2027/28 | U8: Q3 2027/28 | V8: Q4 2027/28 | W8: Q1 2028/29 | X8: Q2 2028/29 | Y8: Q3 2028/29 | Z8: Q4 2028/29 | AA8: Q1 2029/30 | AB8: Q2 2029/30 | AC8: Q3 2029/30 | AD8: Q4 2029/30 | AE8: Q1 2030/31 | AF8: Q2 2030/31 | AG8: Q3 2030/31 | AH8: Q4 2030/31 | AI8: Q1 2031/32 | AJ8: Q2 2031/32 | AK8: Q3 2031/32 | AL8: Q4 2031/32
A9: Total number of managed ASPPs
A10: Total number of newly commenced ASPPs
A12: =A3 -> Indicator 9a | C12: Apr-Jun | D12: Jul-Sep | E12: Oct-Dec | F12: Jan-Mar | G12: Apr-Jun | H12: Jul-Sep | I12: Oct-Dec | J12: Jan-Mar | K12: Apr-Jun | L12: Jul-Sep | M12: Oct-Dec | N12: Jan-Mar | O12: Apr-Jun | P12: Jul-Sep | Q12: Oct-Dec | R12: Jan-Mar | S12: Apr-Jun | T12: Jul-Sep | U12: Oct-Dec | V12: Jan-Mar | W12: Apr-Jun | X12: Jul-Sep | Y12: Oct-Dec | Z12: Jan-Mar | AA12: Apr-Jun | AB12: Jul-Sep | AC12: Oct-Dec | AD12: Jan-Mar | AE12: Apr-Jun | AF12: Jul-Sep | AG12: Oct-Dec | AH12: Jan-Mar | AI12: Apr-Jun | AJ12: Jul-Sep | AK12: Oct-Dec | AL12: Jan-Mar
C13: Q1 2023/24 | D13: Q2 2023/24 | E13: Q3 2023/24 | F13: Q4 2023/24 | G13: Q1 2024/25 | H13: Q2 2024/25 | I13: Q3 2024/25 | J13: Q4 2024/25 | K13: Q1 2025/26 | L13: Q2 2025/26 | M13: Q3 2025/26 | N13: Q4 2025/26 | O13: Q1 2026/27 | P13: Q2 2026/27 | Q13: Q3 2026/27 | R13: Q4 2026/27 | S13: Q1 2027/28 | T13: Q2 2027/28 | U13: Q3 2027/28 | V13: Q4 2027/28 | W13: Q1 2028/29 | X13: Q2 2028/29 | Y13: Q3 2028/29 | Z13: Q4 2028/29 | AA13: Q1 2029/30 | AB13: Q2 2029/30 | AC13: Q3 2029/30 | AD13: Q4 2029/30 | AE13: Q1 2030/31 | AF13: Q2 2030/31 | AG13: Q3 2030/31 | AH13: Q4 2030/31 | AI13: Q1 2031/32 | AJ13: Q2 2031/32 | AK13: Q3 2031/32 | AL13: Q4 2031/32
A14: Assessment orders
A15: Removal orders
A16: Banning or temporary banning orders
A18: =A4 -> Indicator 9b | C18: Apr-Jun | D18: Jul-Sep | E18: Oct-Dec | F18: Jan-Mar | G18: Apr-Jun | H18: Jul-Sep | I18: Oct-Dec | J18: Jan-Mar | K18: Apr-Jun | L18: Jul-Sep | M18: Oct-Dec | N18: Jan-Mar | O18: Apr-Jun | P18: Jul-Sep | Q18: Oct-Dec | R18: Jan-Mar | S18: Apr-Jun | T18: Jul-Sep | U18: Oct-Dec | V18: Jan-Mar | W18: Apr-Jun | X18: Jul-Sep | Y18: Oct-Dec | Z18: Jan-Mar | AA18: Apr-Jun | AB18: Jul-Sep | AC18: Oct-Dec | AD18: Jan-Mar | AE18: Apr-Jun | AF18: Jul-Sep | AG18: Oct-Dec | AH18: Jan-Mar | AI18: Apr-Jun | AJ18: Jul-Sep | AK18: Oct-Dec | AL18: Jan-Mar
C19: Q1 2023/24 | D19: Q2 2023/24 | E19: Q3 2023/24 | F19: Q4 2023/24 | G19: Q1 2024/25 | H19: Q2 2024/25 | I19: Q3 2024/25 | J19: Q4 2024/25 | K19: Q1 2025/26 | L19: Q2 2025/26 | M19: Q3 2025/26 | N19: Q4 2025/26 | O19: Q1 2026/27 | P19: Q2 2026/27 | Q19: Q3 2026/27 | R19: Q4 2026/27 | S19: Q1 2027/28 | T19: Q2 2027/28 | U19: Q3 2027/28 | V19: Q4 2027/28 | W19: Q1 2028/29 | X19: Q2 2028/29 | Y19: Q3 2028/29 | Z19: Q4 2028/29 | AA19: Q1 2029/30 | AB19: Q2 2029/30 | AC19: Q3 2029/30 | AD19: Q4 2029/30 | AE19: Q1 2030/31 | AF19: Q2 2030/31 | AG19: Q3 2030/31 | AH19: Q4 2030/31 | AI19: Q1 2031/32 | AJ19: Q2 2031/32 | AK19: Q3 2031/32 | AL19: Q4 2031/32
A20: Assessment orders
A21: Removal orders
A22: Banning or temporary banning orders
A24: REFLECTIONS AND CAVEATS
A25: Please use the free text field opposite to detail any challenges experienced in completing the above, and where additional clarification or amendments may be needed/helpful.
A27: SUGGESTED PRESENTATION
A31: NOTES ON COMPLETION
A32: =A1 -> Indicator 8a | C32: Total number of adults on open plans under ASP at the end of a quarter. Please note, an ASPP is closed when there is no longer any ASP oversight of support actions.
A33: =A2 -> Indicator 8b | C33: Total newly commenced ASPPs are those started in a quarter and exclude review plans. An ASPP revised at a review Case Conference is NOT a new ASPP.
A35: DEFINITIONS
A36: Adult Support and Protection Plans (ASPPs) | C36: An Adult Support and Protection Plan is a set of actions and strategies agreed by relevant agencies (single or multi-agency) and put in place to support and protect ‘adults at risk’ meeting the three-point criteria. The Plan is designed to eliminate or reduce risk, manage this over time and respond to changing circumstances, overseen through case conference processes. Plans will stay in place until agreed that they are no longer necessary. Adult Support and Protection Plans should be agreed across all relevant agencies identifying who is responsible for which aspects of the plan, the anticipated timetable, and reporting arrangements. This should include a date for a review meeting - unless it has been agreed that no further actions are required under the terms of the Act. It is also expected that the adult should be supported to contribute to the fullest possible extent and understand the actions in the said Plan. An Adult Protection Plan can be initiated at any point of the ASP process depending on need or urgency or local processes, but most commonly at a case conference.
A37: Protection orders | C37: The Act allows for application to a sheriff for a Protection Order. Applications must be made by the council, save for banning orders. Here, the application may also be made by or on behalf of the adult whose well-being or property would be safeguarded by the order, or any other person who is entitled to occupy the place concerned. Protection Orders may be applied for at any time. Applications can be made for another Protection Order, but not until the expiry date of the one in place. Assessment Orders An order granted by a sheriff to help the council decide whether the person is an adult at risk and, if so, whether it needs to do anything to protect the person from harm. These may be to carry out an interview or medical examination of a person and are valid for 7 days. Removal Orders An order granted by a sheriff to remove an adult at risk to a specified place to assess and protect them, effective for a maximum of 7 days after the day on which the person is removed, which must take place within 72 hours of the order being granted. Banning/Temporary Banning Orders An order granted by a sheriff to ban the person causing, or likely to cause, the harm from being in a specified place. It may have other conditions attached to it, and may last for a period of time not exceeding 6 months. The subject of the order may be a child or adult. Serious harm must be evidenced. In case of urgency, a council can apply to a justice of the peace of the commission area, as opposed to a sheriff, with different arrangements in place for this.
A39: DATE REPORTED
A40: =(A1&" – "&A3) -> Indicator 8a – Indicator 9a | C40: Cumulative number by end of quarter (eg January to March 2023)
A42: RATIONALE
A43: =(A1&" – "&A2) -> Indicator 8a – Indicator 8b | C43: Tells us about levels of activity and the volume of 'adults at risk' being supported with an Adult Support and Protection Plan in place.
A44: =(A3) -> Indicator 9a | C44: Tells us about workforce demands and use of legislative framework as applied to 'adults at risk'.

Sheet 10-11 ACTIONS TAKEN
A1: Indicator 10 | C1: ACTION TAKEN FOLLOWING INQUIRIES CONCLUDED WITHOUT THE USE OF INVESTIGATORY POWERS
A2: Indicator 11 | C2: ACTION TAKEN FOLLOWING INQUIRIES USING INVESTIGATORY POWERS
A4: LOCAL DATA
A5: =A1 -> Indicator 10 | C5: Apr-Jun | D5: Jul-Sep | E5: Oct-Dec | F5: Jan-Mar | G5: Apr-Jun | H5: Jul-Sep | I5: Oct-Dec | J5: Jan-Mar | K5: Apr-Jun | L5: Jul-Sep | M5: Oct-Dec | N5: Jan-Mar | O5: Apr-Jun | P5: Jul-Sep | Q5: Oct-Dec | R5: Jan-Mar | S5: Apr-Jun | T5: Jul-Sep | U5: Oct-Dec | V5: Jan-Mar | W5: Apr-Jun | X5: Jul-Sep | Y5: Oct-Dec | Z5: Jan-Mar | AA5: Apr-Jun | AB5: Jul-Sep | AC5: Oct-Dec | AD5: Jan-Mar | AE5: Apr-Jun | AF5: Jul-Sep | AG5: Oct-Dec | AH5: Jan-Mar | AI5: Apr-Jun | AJ5: Jul-Sep | AK5: Oct-Dec | AL5: Jan-Mar
C6: Q1 2023/24 | D6: Q2 2023/24 | E6: Q3 2023/24 | F6: Q4 2023/24 | G6: Q1 2024/25 | H6: Q2 2024/25 | I6: Q3 2024/25 | J6: Q4 2024/25 | K6: Q1 2025/26 | L6: Q2 2025/26 | M6: Q3 2025/26 | N6: Q4 2025/26 | O6: Q1 2026/27 | P6: Q2 2026/27 | Q6: Q3 2026/27 | R6: Q4 2026/27 | S6: Q1 2027/28 | T6: Q2 2027/28 | U6: Q3 2027/28 | V6: Q4 2027/28 | W6: Q1 2028/29 | X6: Q2 2028/29 | Y6: Q3 2028/29 | Z6: Q4 2028/29 | AA6: Q1 2029/30 | AB6: Q2 2029/30 | AC6: Q3 2029/30 | AD6: Q4 2029/30 | AE6: Q1 2030/31 | AF6: Q2 2030/31 | AG6: Q3 2030/31 | AH6: Q4 2030/31 | AI6: Q1 2031/32 | AJ6: Q2 2031/32 | AK6: Q3 2031/32 | AL6: Q4 2031/32
A7: Does not meet three-point criteria — NFA
A8: Does not meet three point criteria - non-ASP support provided or offered
A9: Meets three-point criteria — ongoing ASP work
A10: Meets three-point criteria — non-ASP support provided or offered
A11: Meets three-point criteria — no opportunity for further ASP intervention
A12: Pending/Unknown
A13: Total | C13: =SUM(C7:C12) -> 0 | D13: =SUM(D7:D12) -> 0 | E13: =SUM(E7:E12) -> 0 | F13: =SUM(F7:F12) -> 0 | G13: =SUM(G7:G12) -> 0 | H13: =SUM(H7:H12) -> 0 | I13: =SUM(I7:I12) -> 0 | J13: =SUM(J7:J12) -> 0 | ... AL13: =SUM(AL7:AL12) -> 0
A15: =A2 -> Indicator 11 | C15: Apr-Jun | D15: Jul-Sep | E15: Oct-Dec | F15: Jan-Mar | G15: Apr-Jun | H15: Jul-Sep | I15: Oct-Dec | J15: Jan-Mar | K15: Apr-Jun | L15: Jul-Sep | M15: Oct-Dec | N15: Jan-Mar | O15: Apr-Jun | P15: Jul-Sep | Q15: Oct-Dec | R15: Jan-Mar | S15: Apr-Jun | T15: Jul-Sep | U15: Oct-Dec | V15: Jan-Mar | W15: Apr-Jun | X15: Jul-Sep | Y15: Oct-Dec | Z15: Jan-Mar | AA15: Apr-Jun | AB15: Jul-Sep | AC15: Oct-Dec | AD15: Jan-Mar | AE15: Apr-Jun | AF15: Jul-Sep | AG15: Oct-Dec | AH15: Jan-Mar | AI15: Apr-Jun | AJ15: Jul-Sep | AK15: Oct-Dec | AL15: Jan-Mar
C16: Q1 2023/24 | D16: Q2 2023/24 | E16: Q3 2023/24 | F16: Q4 2023/24 | G16: Q1 2024/25 | H16: Q2 2024/25 | I16: Q3 2024/25 | J16: Q4 2024/25 | K16: Q1 2025/26 | L16: Q2 2025/26 | M16: Q3 2025/26 | N16: Q4 2025/26 | O16: Q1 2026/27 | P16: Q2 2026/27 | Q16: Q3 2026/27 | R16: Q4 2026/27 | S16: Q1 2027/28 | T16: Q2 2027/28 | U16: Q3 2027/28 | V16: Q4 2027/28 | W16: Q1 2028/29 | X16: Q2 2028/29 | Y16: Q3 2028/29 | Z16: Q4 2028/29 | AA16: Q1 2029/30 | AB16: Q2 2029/30 | AC16: Q3 2029/30 | AD16: Q4 2029/30 | AE16: Q1 2030/31 | AF16: Q2 2030/31 | AG16: Q3 2030/31 | AH16: Q4 2030/31 | AI16: Q1 2031/32 | AJ16: Q2 2031/32 | AK16: Q3 2031/32 | AL16: Q4 2031/32
A17: Does not meet three-point criteria — NFA
A18: Does not meet three point criteria - non-ASP support provided or offered
A19: Meets three-point criteria — ongoing ASP work
A20: Meets three-point criteria — non-ASP support provided or offered
A21: Meets three-point criteria — no opportunity for further ASP intervention
A22: Pending/Unknown
A23: Total | C23: =SUM(C17:C22) -> 0 | D23: =SUM(D17:D22) -> 0 | E23: =SUM(E17:E22) -> 0 | F23: =SUM(F17:F22) -> 0 | G23: =SUM(G17:G22) -> 0 | H23: =SUM(H17:H22) -> 0 | I23: =SUM(I17:I22) -> 0 | J23: =SUM(J17:J22) -> 0 | ... AL23: =SUM(AL17:AL22) -> 0
A25: Check Action taken matches number of inquiries without the use of investigatory powers | C25: =AND(EXACT(C13,'2-3 INQUIRIES'!C7)) -> FALSE | D25: =AND(EXACT(D13,'2-3 INQUIRIES'!D7)) -> FALSE | E25: =AND(EXACT(E13,'2-3 INQUIRIES'!E7)) -> FALSE | F25: =AND(EXACT(F13,'2-3 INQUIRIES'!F7)) -> FALSE | G25: =AND(EXACT(G13,'2-3 INQUIRIES'!G7)) -> FALSE | H25: =AND(EXACT(H13,'2-3 INQUIRIES'!H7)) -> FALSE | I25: =AND(EXACT(I13,'2-3 INQUIRIES'!I7)) -> FALSE | J25: =AND(EXACT(J13,'2-3 INQUIRIES'!J7)) -> FALSE | ... AL25: =AND(EXACT(AL13,'2-3 INQUIRIES'!AL7)) -> FALSE
A26: Check Action taken matches number of inquiries with the use of investigatory powers | C26: =AND(EXACT(C23,'2-3 INQUIRIES'!C11)) -> FALSE | D26: =AND(EXACT(D23,'2-3 INQUIRIES'!D11)) -> FALSE | E26: =AND(EXACT(E23,'2-3 INQUIRIES'!E11)) -> FALSE | F26: =AND(EXACT(F23,'2-3 INQUIRIES'!F11)) -> FALSE | G26: =AND(EXACT(G23,'2-3 INQUIRIES'!G11)) -> FALSE | H26: =AND(EXACT(H23,'2-3 INQUIRIES'!H11)) -> FALSE | I26: =AND(EXACT(I23,'2-3 INQUIRIES'!I11)) -> FALSE | J26: =AND(EXACT(J23,'2-3 INQUIRIES'!J11)) -> FALSE | ... AI26: =AND(EXACT(AI23,'2-3 INQUIRIES'!AI11)) -> FALSE | AJ26: =AND(EXACT(AJ13,'2-3 INQUIRIES'!AJ11)) -> FALSE | AK26: =AND(EXACT(AK13,'2-3 INQUIRIES'!AK11)) -> FALSE | AL26: =AND(EXACT(AL13,'2-3 INQUIRIES'!AL11)) -> FALSE
A27: REFLECTIONS AND CAVEATS
A28: Please use the free text field opposite to detail any challenges experienced in completing the above, and where additional clarification or amendments may be needed/helpful.
A30: SUGGESTED PRESENTATION
A33: NOTES ON COMPLETION
A34: =(A1&" – "&A2) -> Indicator 10 – Indicator 11 | C34: Please count all inquiries triggered in a quarter and record actions taken where these are known. Actions can be tracked up to the submission date you have been provided with for each quarterly data return. To illustrate: If 100 inquiries were begun in Quarter 1 (1 April - 30 June inclusive) we ask you to record what actions were taken, tracking these up to August 12th, the Scottish Government submission date for returns. Please select the action taken from the list of categories provided. We understand that there may be delays that result in actions taken being recorded as pending/unknown. We ask you to provide commentary in the free box on the reasons for delays eg. delay in receipt of financial records requested of other agencies as part of an inquiry.
A35: Does not meet three-point criteria — NFA | C35: This is where the adult does not meet the three point criteria, there is no requirement for any social work involvement and no requirement to refer to another agency ie. NFA.
A37: Meets three-point criteria — non-ASP support provided or offered | C37: Every time we intervene in a persons’ life we can only do so under a legislative framework. We might determine during an inquiry that the adult is an adult at risk (as defined under the ASPA) but it is not of benefit or it is the least restrictive option to continue that intervention under a different statute i.e. Social Work (Scotland) Act 1968. Illustrations This might include scenarios where: • the inquiry identifies that the person is better suited to support under the Adults with Incapacity (Scotland) Act 2000 by the statutory mental health team (MHOs), or • a new adult care assessment under self-directed support is agreed to complement support for the adult to manage risk, or • existing care management plans are deemed sufficient or can be supplemented with, for example, additional 1-1 support for an adult in a care home in increasing distress. In these situations, it would be closed to ASP and not managed by its processes despite meeting the three point criteria. However, we also recognise that practice in this area varies, and in some areas the case would remain under ASP - either as ongoing ASP work with the case proceeding to a case conference, or in situations where a person has died, it would be recorded as ‘no opportunity for further ASP intervention’.
A38: Meets three-point criteria — no opportunity for further ASP intervention | C38: For ‘Meets 3 point criteria- no opportunity for further ASP intervention. This should be selected in instances where there is no opportunity for further ASP intervention, for example where the adult has died during the ASP process and there is no opportunity to complete an inquiry. If the adult has moved to another area and their case has been transferred ie. via a transfer case conference, this should be recorded under Category 3 ‘Meets 3 point criteria- ongoing ASP work’.
A40: DEFINITIONS
A41: Inquiries and inquiries using investigatory powers | C41: The purpose of an inquiry, with or without use of investigatory powers, is to ascertain whether adults are at risk of harm, and whether the council may need to intervene, provide support, or any other assistance to the adult or any carer. Any use of investigatory powers is triggered through the S4 duty to inquire under the Act. An inquiry using investigatory powers requires the involvement of a council officer (an individual appointed by a council to perform specific functions under the terms of the Act). It will also require production of a full risk assessment. An inquiry which does not use investigatory powers may or may not require the involvement of a council officer, depending on local arrangements and the nature of the tasks. The collation and consideration of relevant materials, including consideration of previous records relating to the individual and seeking the views of other agencies and professionals, does not necessarily need to be undertaken by a council officer if these inquiries do not include use of investigatory powers. Investigatory powers will be required, and a council officer involved, where there is a need for a visit and direct contact with the adult for interview or medical examination, or for the examination of record. Inquiries may involve a single agency or more, as relevant, to the case. It should be noted that use of inquiries (with or without use of investigatory powers) supports a move away from talking about inquiries and investigations, and is aligned with the revised Code of Practice (July 2022).
A43: DATE REPORTED
A44: =(A1&" – "&A2) -> Indicator 10 – Indicator 11 | C44: Cumulative number by end of quarter (eg January to March 2023)
A46: RATIONALE
A47: =(A1&" – "&A2) -> Indicator 10 – Indicator 11 | C47: Tells us about numbers of vulnerable adults assessed as meeting the three-point criteria, proportion if onging ASP work, proportions referred to other non-ASP services, placing work in context. Important in monitoring numbers assessed as meeting the three point criteria over time in a changing context of trauma-informed practice.

Sheet 13 AGE & GENDER
A1: Indicator 13 | C1: AGE GROUP AND GENDER (FOR ALL INQUIRIES)
A3: LOCAL DATA
A4: =A1 -> Indicator 13 | C4: Apr-Jun | H4: Jul-Sep | M4: Oct-Dec | R4: Jan-Mar | W4: Apr-Jun | AB4: Jul-Sep | AG4: Oct-Dec | AL4: Jan-Mar | AQ4: Apr-Jun | AV4: Jul-Sep | BA4: Oct-Dec | BF4: Jan-Mar | BK4: Apr-Jun | BP4: Jul-Sep | BU4: Oct-Dec | BZ4: Jan-Mar | CE4: Jan-Mar | CJ4: Jan-Mar | CO4: Jan-Mar | CT4: Jan-Mar | CY4: Jan-Mar | DD4: Jan-Mar | DI4: Jan-Mar | DN4: Jan-Mar | DS4: Jan-Mar | DX4: Jan-Mar | EC4: Jan-Mar | EH4: Jan-Mar | EM4: Jan-Mar | ER4: Jan-Mar | EW4: Jan-Mar | FB4: Jan-Mar | FG4: Jan-Mar | FL4: Jan-Mar | FQ4: Jan-Mar | FV4: Jan-Mar
C5: Q1 2023/24 | H5: Q2 2023/24 | M5: Q3 2023/24 | R5: Q4 2023/24 | W5: Q1 2024/25 | AB5: Q2 2024/25 | AG5: Q3 2024/25 | AL5: Q4 2024/25 | AQ5: Q1 2025/26 | AV5: Q2 2025/26 | BA5: Q3 2025/26 | BF5: Q4 2025/26 | BK5: Q1 2026/27 | BP5: Q2 2026/27 | BU5: Q3 2026/27 | BZ5: Q4 2026/27 | CE5: Q1 2027/28 | CJ5: Q2 2027/28 | CO5: Q3 2027/28 | CT5: Q4 2027/28 | CY5: Q1 2028/29 | DD5: Q2 2028/29 | DI5: Q3 2028/29 | DN5: Q4 2028/29 | DS5: Q1 2029/30 | DX5: Q2 2029/30 | EC5: Q3 2029/30 | EH5: Q4 2029/30 | EM5: Q1 2030/31 | ER5: Q2 2030/31 | EW5: Q3 2030/31 | FB5: Q4 2030/31 | FG5: Q1 2031/32 | FL5: Q2 2031/32 | FQ5: Q3 2031/32 | FV5: Q4 2031/32
C6: Male | D6: Female | E6: Trans or non-binary | F6: Prefer not to say | G6: All adults | H6: Male | I6: Female | J6: Trans or non-binary | K6: Prefer not to say | L6: All adults | M6: Male | N6: Female | O6: Trans or non-binary | P6: Prefer not to say | Q6: All adults | R6: Male | S6: Female | T6: Trans or non-binary | U6: Prefer not to say | V6: All adults | W6: Male | X6: Female | Y6: Trans or non-binary | Z6: Prefer not to say | AA6: All adults | AB6: Male | AC6: Female | AD6: Trans or non-binary | AE6: Prefer not to say | AF6: All adults | AG6: Male | AH6: Female | AI6: Trans or non-binary | AJ6: Prefer not to say | AK6: All adults | AL6: Male | AM6: Female | AN6: Trans or non-binary | AO6: Prefer not to say | AP6: All adults | AQ6: Male | AR6: Female | AS6: Trans or non-binary | AT6: Prefer not to say | AU6: All adults | AV6: Male | AW6: Female | AX6: Trans or non-binary | AY6: Prefer not to say | AZ6: All adults | BA6: Male | BB6: Female | BC6: Trans or non-binary | BD6: Prefer not to say | BE6: All adults | BF6: Male | BG6: Female | BH6: Trans or non-binary | BI6: Prefer not to say | BJ6: All adults | BK6: Male | BL6: Female | BM6: Trans or non-binary | BN6: Prefer not to say | BO6: All adults | BP6: Male | BQ6: Female | BR6: Trans or non-binary | BS6: Prefer not to say | BT6: All adults | BU6: Male | BV6: Female | BW6: Trans or non-binary | BX6: Prefer not to say | BY6: All adults | BZ6: Male | CA6: Female | CB6: Trans or non-binary | CC6: Prefer not to say | CD6: All adults | CE6: Male | CF6: Female | CG6: Trans or non-binary | CH6: Prefer not to say | CI6: All adults | CJ6: Male | CK6: Female | CL6: Trans or non-binary | CM6: Prefer not to say | CN6: All adults | CO6: Male | CP6: Female | CQ6: Trans or non-binary | CR6: Prefer not to say | CS6: All adults | CT6: Male | CU6: Female | CV6: Trans or non-binary | CW6: Prefer not to say | CX6: All adults | CY6: Male | CZ6: Female | DA6: Trans or non-binary | DB6: Prefer not to say | DC6: All adults | DD6: Male | DE6: Female | DF6: Trans or non-binary | DG6: Prefer not to say | DH6: All adults | DI6: Male | DJ6: Female | DK6: Trans or non-binary | DL6: Prefer not to say | DM6: All adults | DN6: Male | DO6: Female | DP6: Trans or non-binary | DQ6: Prefer not to say | DR6: All adults | DS6: Male | DT6: Female | DU6: Trans or non-binary | DV6: Prefer not to say | DW6: All adults | DX6: Male | DY6: Female | DZ6: Trans or non-binary | EA6: Prefer not to say | EB6: All adults | EC6: Male | ED6: Female | EE6: Trans or non-binary | EF6: Prefer not to say | EG6: All adults | EH6: Male | EI6: Female | EJ6: Trans or non-binary | EK6: Prefer not to say | EL6: All adults | EM6: Male | EN6: Female | EO6: Trans or non-binary | EP6: Prefer not to say | EQ6: All adults | ER6: Male | ES6: Female | ET6: Trans or non-binary | EU6: Prefer not to say | EV6: All adults | EW6: Male | EX6: Female | EY6: Trans or non-binary | EZ6: Prefer not to say | FA6: All adults | FB6: Male | FC6: Female | FD6: Trans or non-binary | FE6: Prefer not to say | FF6: All adults | FG6: Male | FH6: Female | FI6: Trans or non-binary | FJ6: Prefer not to say | FK6: All adults | FL6: Male | FM6: Female | FN6: Trans or non-binary | FO6: Prefer not to say | FP6: All adults | FQ6: Male | FR6: Female | FS6: Trans or non-binary | FT6: Prefer not to say | FU6: All adults | FV6: Male | FW6: Female | FX6: Trans or non-binary | FY6: Prefer not to say | FZ6: All adults
A7: 16-17 | G7: =SUM(C7:F7) -> 0 | L7: =SUM(H7:K7) -> 0 | Q7: =SUM(M7:P7) -> 0 | V7: =SUM(R7:U7) -> 0 | AA7: =SUM(W7:Z7) -> 0 | AF7: =SUM(AB7:AE7) -> 0 | AK7: =SUM(AG7:AJ7) -> 0 | AP7: =SUM(AL7:AO7) -> 0 | AU7: =SUM(AQ7:AT7) -> 0 | AZ7: =SUM(AV7:AY7) -> 0 | BE7: =SUM(BA7:BD7) -> 0 | BJ7: =SUM(BF7:BI7) -> 0 | BO7: =SUM(BK7:BN7) -> 0 | BT7: =SUM(BP7:BS7) -> 0 | BY7: =SUM(BU7:BX7) -> 0 | CD7: =SUM(BZ7:CC7) -> 0 | CI7: =SUM(CE7:CH7) -> 0 | CN7: =SUM(CJ7:CM7) -> 0 | CS7: =SUM(CO7:CR7) -> 0 | CX7: =SUM(CT7:CW7) -> 0 | DC7: =SUM(CY7:DB7) -> 0 | DH7: =SUM(DD7:DG7) -> 0 | DM7: =SUM(DI7:DL7) -> 0 | DR7: =SUM(DN7:DQ7) -> 0 | DW7: =SUM(DS7:DV7) -> 0 | EB7: =SUM(DX7:EA7) -> 0 | EG7: =SUM(EC7:EF7) -> 0 | EL7: =SUM(EH7:EK7) -> 0 | EQ7: =SUM(EM7:EP7) -> 0 | EV7: =SUM(ER7:EU7) -> 0 | FA7: =SUM(EW7:EZ7) -> 0 | FF7: =SUM(FB7:FE7) -> 0 | FK7: =SUM(FG7:FJ7) -> 0 | FP7: =SUM(FL7:FO7) -> 0 | FU7: =SUM(FQ7:FT7) -> 0 | FZ7: =SUM(FV7:FY7) -> 0
A8: 18-24 | G8: =SUM(C8:F8) -> 0 | L8: =SUM(H8:K8) -> 0 | Q8: =SUM(M8:P8) -> 0 | V8: =SUM(R8:U8) -> 0 | AA8: =SUM(W8:Z8) -> 0 | AF8: =SUM(AB8:AE8) -> 0 | AK8: =SUM(AG8:AJ8) -> 0 | AP8: =SUM(AL8:AO8) -> 0 | AU8: =SUM(AQ8:AT8) -> 0 | AZ8: =SUM(AV8:AY8) -> 0 | BE8: =SUM(BA8:BD8) -> 0 | BJ8: =SUM(BF8:BI8) -> 0 | BO8: =SUM(BK8:BN8) -> 0 | BT8: =SUM(BP8:BS8) -> 0 | BY8: =SUM(BU8:BX8) -> 0 | CD8: =SUM(BZ8:CC8) -> 0 | CI8: =SUM(CE8:CH8) -> 0 | CN8: =SUM(CJ8:CM8) -> 0 | CS8: =SUM(CO8:CR8) -> 0 | CX8: =SUM(CT8:CW8) -> 0 | DC8: =SUM(CY8:DB8) -> 0 | DH8: =SUM(DD8:DG8) -> 0 | DM8: =SUM(DI8:DL8) -> 0 | DR8: =SUM(DN8:DQ8) -> 0 | DW8: =SUM(DS8:DV8) -> 0 | EB8: =SUM(DX8:EA8) -> 0 | EG8: =SUM(EC8:EF8) -> 0 | EL8: =SUM(EH8:EK8) -> 0 | EQ8: =SUM(EM8:EP8) -> 0 | EV8: =SUM(ER8:EU8) -> 0 | FA8: =SUM(EW8:EZ8) -> 0 | FF8: =SUM(FB8:FE8) -> 0 | FK8: =SUM(FG8:FJ8) -> 0 | FP8: =SUM(FL8:FO8) -> 0 | FU8: =SUM(FQ8:FT8) -> 0 | FZ8: =SUM(FV8:FY8) -> 0
A9: 25-34 | G9: =SUM(C9:F9) -> 0 | L9: =SUM(H9:K9) -> 0 | Q9: =SUM(M9:P9) -> 0 | V9: =SUM(R9:U9) -> 0 | AA9: =SUM(W9:Z9) -> 0 | AF9: =SUM(AB9:AE9) -> 0 | AK9: =SUM(AG9:AJ9) -> 0 | AP9: =SUM(AL9:AO9) -> 0 | AU9: =SUM(AQ9:AT9) -> 0 | AZ9: =SUM(AV9:AY9) -> 0 | BE9: =SUM(BA9:BD9) -> 0 | BJ9: =SUM(BF9:BI9) -> 0 | BO9: =SUM(BK9:BN9) -> 0 | BT9: =SUM(BP9:BS9) -> 0 | BY9: =SUM(BU9:BX9) -> 0 | CD9: =SUM(BZ9:CC9) -> 0 | CI9: =SUM(CE9:CH9) -> 0 | CN9: =SUM(CJ9:CM9) -> 0 | CS9: =SUM(CO9:CR9) -> 0 | CX9: =SUM(CT9:CW9) -> 0 | DC9: =SUM(CY9:DB9) -> 0 | DH9: =SUM(DD9:DG9) -> 0 | DM9: =SUM(DI9:DL9) -> 0 | DR9: =SUM(DN9:DQ9) -> 0 | DW9: =SUM(DS9:DV9) -> 0 | EB9: =SUM(DX9:EA9) -> 0 | EG9: =SUM(EC9:EF9) -> 0 | EL9: =SUM(EH9:EK9) -> 0 | EQ9: =SUM(EM9:EP9) -> 0 | EV9: =SUM(ER9:EU9) -> 0 | FA9: =SUM(EW9:EZ9) -> 0 | FF9: =SUM(FB9:FE9) -> 0 | FK9: =SUM(FG9:FJ9) -> 0 | FP9: =SUM(FL9:FO9) -> 0 | FU9: =SUM(FQ9:FT9) -> 0 | FZ9: =SUM(FV9:FY9) -> 0
A10: 35-44 | G10: =SUM(C10:F10) -> 0 | L10: =SUM(H10:K10) -> 0 | Q10: =SUM(M10:P10) -> 0 | V10: =SUM(R10:U10) -> 0 | AA10: =SUM(W10:Z10) -> 0 | AF10: =SUM(AB10:AE10) -> 0 | AK10: =SUM(AG10:AJ10) -> 0 | AP10: =SUM(AL10:AO10) -> 0 | AU10: =SUM(AQ10:AT10) -> 0 | AZ10: =SUM(AV10:AY10) -> 0 | BE10: =SUM(BA10:BD10) -> 0 | BJ10: =SUM(BF10:BI10) -> 0 | BO10: =SUM(BK10:BN10) -> 0 | BT10: =SUM(BP10:BS10) -> 0 | BY10: =SUM(BU10:BX10) -> 0 | CD10: =SUM(BZ10:CC10) -> 0 | CI10: =SUM(CE10:CH10) -> 0 | CN10: =SUM(CJ10:CM10) -> 0 | CS10: =SUM(CO10:CR10) -> 0 | CX10: =SUM(CT10:CW10) -> 0 | DC10: =SUM(CY10:DB10) -> 0 | DH10: =SUM(DD10:DG10) -> 0 | DM10: =SUM(DI10:DL10) -> 0 | DR10: =SUM(DN10:DQ10) -> 0 | DW10: =SUM(DS10:DV10) -> 0 | EB10: =SUM(DX10:EA10) -> 0 | EG10: =SUM(EC10:EF10) -> 0 | EL10: =SUM(EH10:EK10) -> 0 | EQ10: =SUM(EM10:EP10) -> 0 | EV10: =SUM(ER10:EU10) -> 0 | FA10: =SUM(EW10:EZ10) -> 0 | FF10: =SUM(FB10:FE10) -> 0 | FK10: =SUM(FG10:FJ10) -> 0 | FP10: =SUM(FL10:FO10) -> 0 | FU10: =SUM(FQ10:FT10) -> 0 | FZ10: =SUM(FV10:FY10) -> 0
A11: 45-54 | G11: =SUM(C11:F11) -> 0 | L11: =SUM(H11:K11) -> 0 | Q11: =SUM(M11:P11) -> 0 | V11: =SUM(R11:U11) -> 0 | AA11: =SUM(W11:Z11) -> 0 | AF11: =SUM(AB11:AE11) -> 0 | AK11: =SUM(AG11:AJ11) -> 0 | AP11: =SUM(AL11:AO11) -> 0 | AU11: =SUM(AQ11:AT11) -> 0 | AZ11: =SUM(AV11:AY11) -> 0 | BE11: =SUM(BA11:BD11) -> 0 | BJ11: =SUM(BF11:BI11) -> 0 | BO11: =SUM(BK11:BN11) -> 0 | BT11: =SUM(BP11:BS11) -> 0 | BY11: =SUM(BU11:BX11) -> 0 | CD11: =SUM(BZ11:CC11) -> 0 | CI11: =SUM(CE11:CH11) -> 0 | CN11: =SUM(CJ11:CM11) -> 0 | CS11: =SUM(CO11:CR11) -> 0 | CX11: =SUM(CT11:CW11) -> 0 | DC11: =SUM(CY11:DB11) -> 0 | DH11: =SUM(DD11:DG11) -> 0 | DM11: =SUM(DI11:DL11) -> 0 | DR11: =SUM(DN11:DQ11) -> 0 | DW11: =SUM(DS11:DV11) -> 0 | EB11: =SUM(DX11:EA11) -> 0 | EG11: =SUM(EC11:EF11) -> 0 | EL11: =SUM(EH11:EK11) -> 0 | EQ11: =SUM(EM11:EP11) -> 0 | EV11: =SUM(ER11:EU11) -> 0 | FA11: =SUM(EW11:EZ11) -> 0 | FF11: =SUM(FB11:FE11) -> 0 | FK11: =SUM(FG11:FJ11) -> 0 | FP11: =SUM(FL11:FO11) -> 0 | FU11: =SUM(FQ11:FT11) -> 0 | FZ11: =SUM(FV11:FY11) -> 0
A12: 55-64 | G12: =SUM(C12:F12) -> 0 | L12: =SUM(H12:K12) -> 0 | Q12: =SUM(M12:P12) -> 0 | V12: =SUM(R12:U12) -> 0 | AA12: =SUM(W12:Z12) -> 0 | AF12: =SUM(AB12:AE12) -> 0 | AK12: =SUM(AG12:AJ12) -> 0 | AP12: =SUM(AL12:AO12) -> 0 | AU12: =SUM(AQ12:AT12) -> 0 | AZ12: =SUM(AV12:AY12) -> 0 | BE12: =SUM(BA12:BD12) -> 0 | BJ12: =SUM(BF12:BI12) -> 0 | BO12: =SUM(BK12:BN12) -> 0 | BT12: =SUM(BP12:BS12) -> 0 | BY12: =SUM(BU12:BX12) -> 0 | CD12: =SUM(BZ12:CC12) -> 0 | CI12: =SUM(CE12:CH12) -> 0 | CN12: =SUM(CJ12:CM12) -> 0 | CS12: =SUM(CO12:CR12) -> 0 | CX12: =SUM(CT12:CW12) -> 0 | DC12: =SUM(CY12:DB12) -> 0 | DH12: =SUM(DD12:DG12) -> 0 | DM12: =SUM(DI12:DL12) -> 0 | DR12: =SUM(DN12:DQ12) -> 0 | DW12: =SUM(DS12:DV12) -> 0 | EB12: =SUM(DX12:EA12) -> 0 | EG12: =SUM(EC12:EF12) -> 0 | EL12: =SUM(EH12:EK12) -> 0 | EQ12: =SUM(EM12:EP12) -> 0 | EV12: =SUM(ER12:EU12) -> 0 | FA12: =SUM(EW12:EZ12) -> 0 | FF12: =SUM(FB12:FE12) -> 0 | FK12: =SUM(FG12:FJ12) -> 0 | FP12: =SUM(FL12:FO12) -> 0 | FU12: =SUM(FQ12:FT12) -> 0 | FZ12: =SUM(FV12:FY12) -> 0
A13: 65-69 | G13: =SUM(C13:F13) -> 0 | L13: =SUM(H13:K13) -> 0 | Q13: =SUM(M13:P13) -> 0 | V13: =SUM(R13:U13) -> 0 | AA13: =SUM(W13:Z13) -> 0 | AF13: =SUM(AB13:AE13) -> 0 | AK13: =SUM(AG13:AJ13) -> 0 | AP13: =SUM(AL13:AO13) -> 0 | AU13: =SUM(AQ13:AT13) -> 0 | AZ13: =SUM(AV13:AY13) -> 0 | BE13: =SUM(BA13:BD13) -> 0 | BJ13: =SUM(BF13:BI13) -> 0 | BO13: =SUM(BK13:BN13) -> 0 | BT13: =SUM(BP13:BS13) -> 0 | BY13: =SUM(BU13:BX13) -> 0 | CD13: =SUM(BZ13:CC13) -> 0 | CI13: =SUM(CE13:CH13) -> 0 | CN13: =SUM(CJ13:CM13) -> 0 | CS13: =SUM(CO13:CR13) -> 0 | CX13: =SUM(CT13:CW13) -> 0 | DC13: =SUM(CY13:DB13) -> 0 | DH13: =SUM(DD13:DG13) -> 0 | DM13: =SUM(DI13:DL13) -> 0 | DR13: =SUM(DN13:DQ13) -> 0 | DW13: =SUM(DS13:DV13) -> 0 | EB13: =SUM(DX13:EA13) -> 0 | EG13: =SUM(EC13:EF13) -> 0 | EL13: =SUM(EH13:EK13) -> 0 | EQ13: =SUM(EM13:EP13) -> 0 | EV13: =SUM(ER13:EU13) -> 0 | FA13: =SUM(EW13:EZ13) -> 0 | FF13: =SUM(FB13:FE13) -> 0 | FK13: =SUM(FG13:FJ13) -> 0 | FP13: =SUM(FL13:FO13) -> 0 | FU13: =SUM(FQ13:FT13) -> 0 | FZ13: =SUM(FV13:FY13) -> 0
A14: 70-74 | G14: =SUM(C14:F14) -> 0 | L14: =SUM(H14:K14) -> 0 | Q14: =SUM(M14:P14) -> 0 | V14: =SUM(R14:U14) -> 0 | AA14: =SUM(W14:Z14) -> 0 | AF14: =SUM(AB14:AE14) -> 0 | AK14: =SUM(AG14:AJ14) -> 0 | AP14: =SUM(AL14:AO14) -> 0 | AU14: =SUM(AQ14:AT14) -> 0 | AZ14: =SUM(AV14:AY14) -> 0 | BE14: =SUM(BA14:BD14) -> 0 | BJ14: =SUM(BF14:BI14) -> 0 | BO14: =SUM(BK14:BN14) -> 0 | BT14: =SUM(BP14:BS14) -> 0 | BY14: =SUM(BU14:BX14) -> 0 | CD14: =SUM(BZ14:CC14) -> 0 | CI14: =SUM(CE14:CH14) -> 0 | CN14: =SUM(CJ14:CM14) -> 0 | CS14: =SUM(CO14:CR14) -> 0 | CX14: =SUM(CT14:CW14) -> 0 | DC14: =SUM(CY14:DB14) -> 0 | DH14: =SUM(DD14:DG14) -> 0 | DM14: =SUM(DI14:DL14) -> 0 | DR14: =SUM(DN14:DQ14) -> 0 | DW14: =SUM(DS14:DV14) -> 0 | EB14: =SUM(DX14:EA14) -> 0 | EG14: =SUM(EC14:EF14) -> 0 | EL14: =SUM(EH14:EK14) -> 0 | EQ14: =SUM(EM14:EP14) -> 0 | EV14: =SUM(ER14:EU14) -> 0 | FA14: =SUM(EW14:EZ14) -> 0 | FF14: =SUM(FB14:FE14) -> 0 | FK14: =SUM(FG14:FJ14) -> 0 | FP14: =SUM(FL14:FO14) -> 0 | FU14: =SUM(FQ14:FT14) -> 0 | FZ14: =SUM(FV14:FY14) -> 0
A15: 75-79 | G15: =SUM(C15:F15) -> 0 | L15: =SUM(H15:K15) -> 0 | Q15: =SUM(M15:P15) -> 0 | V15: =SUM(R15:U15) -> 0 | AA15: =SUM(W15:Z15) -> 0 | AF15: =SUM(AB15:AE15) -> 0 | AK15: =SUM(AG15:AJ15) -> 0 | AP15: =SUM(AL15:AO15) -> 0 | AU15: =SUM(AQ15:AT15) -> 0 | AZ15: =SUM(AV15:AY15) -> 0 | BE15: =SUM(BA15:BD15) -> 0 | BJ15: =SUM(BF15:BI15) -> 0 | BO15: =SUM(BK15:BN15) -> 0 | BT15: =SUM(BP15:BS15) -> 0 | BY15: =SUM(BU15:BX15) -> 0 | CD15: =SUM(BZ15:CC15) -> 0 | CI15: =SUM(CE15:CH15) -> 0 | CN15: =SUM(CJ15:CM15) -> 0 | CS15: =SUM(CO15:CR15) -> 0 | CX15: =SUM(CT15:CW15) -> 0 | DC15: =SUM(CY15:DB15) -> 0 | DH15: =SUM(DD15:DG15) -> 0 | DM15: =SUM(DI15:DL15) -> 0 | DR15: =SUM(DN15:DQ15) -> 0 | DW15: =SUM(DS15:DV15) -> 0 | EB15: =SUM(DX15:EA15) -> 0 | EG15: =SUM(EC15:EF15) -> 0 | EL15: =SUM(EH15:EK15) -> 0 | EQ15: =SUM(EM15:EP15) -> 0 | EV15: =SUM(ER15:EU15) -> 0 | FA15: =SUM(EW15:EZ15) -> 0 | FF15: =SUM(FB15:FE15) -> 0 | FK15: =SUM(FG15:FJ15) -> 0 | FP15: =SUM(FL15:FO15) -> 0 | FU15: =SUM(FQ15:FT15) -> 0 | FZ15: =SUM(FV15:FY15) -> 0
A16: 80-84 | G16: =SUM(C16:F16) -> 0 | L16: =SUM(H16:K16) -> 0 | Q16: =SUM(M16:P16) -> 0 | V16: =SUM(R16:U16) -> 0 | AA16: =SUM(W16:Z16) -> 0 | AF16: =SUM(AB16:AE16) -> 0 | AK16: =SUM(AG16:AJ16) -> 0 | AP16: =SUM(AL16:AO16) -> 0 | AU16: =SUM(AQ16:AT16) -> 0 | AZ16: =SUM(AV16:AY16) -> 0 | BE16: =SUM(BA16:BD16) -> 0 | BJ16: =SUM(BF16:BI16) -> 0 | BO16: =SUM(BK16:BN16) -> 0 | BT16: =SUM(BP16:BS16) -> 0 | BY16: =SUM(BU16:BX16) -> 0 | CD16: =SUM(BZ16:CC16) -> 0 | CI16: =SUM(CE16:CH16) -> 0 | CN16: =SUM(CJ16:CM16) -> 0 | CS16: =SUM(CO16:CR16) -> 0 | CX16: =SUM(CT16:CW16) -> 0 | DC16: =SUM(CY16:DB16) -> 0 | DH16: =SUM(DD16:DG16) -> 0 | DM16: =SUM(DI16:DL16) -> 0 | DR16: =SUM(DN16:DQ16) -> 0 | DW16: =SUM(DS16:DV16) -> 0 | EB16: =SUM(DX16:EA16) -> 0 | EG16: =SUM(EC16:EF16) -> 0 | EL16: =SUM(EH16:EK16) -> 0 | EQ16: =SUM(EM16:EP16) -> 0 | EV16: =SUM(ER16:EU16) -> 0 | FA16: =SUM(EW16:EZ16) -> 0 | FF16: =SUM(FB16:FE16) -> 0 | FK16: =SUM(FG16:FJ16) -> 0 | FP16: =SUM(FL16:FO16) -> 0 | FU16: =SUM(FQ16:FT16) -> 0 | FZ16: =SUM(FV16:FY16) -> 0
A17: 85 + | G17: =SUM(C17:F17) -> 0 | L17: =SUM(H17:K17) -> 0 | Q17: =SUM(M17:P17) -> 0 | V17: =SUM(R17:U17) -> 0 | AA17: =SUM(W17:Z17) -> 0 | AF17: =SUM(AB17:AE17) -> 0 | AK17: =SUM(AG17:AJ17) -> 0 | AP17: =SUM(AL17:AO17) -> 0 | AU17: =SUM(AQ17:AT17) -> 0 | AZ17: =SUM(AV17:AY17) -> 0 | BE17: =SUM(BA17:BD17) -> 0 | BJ17: =SUM(BF17:BI17) -> 0 | BO17: =SUM(BK17:BN17) -> 0 | BT17: =SUM(BP17:BS17) -> 0 | BY17: =SUM(BU17:BX17) -> 0 | CD17: =SUM(BZ17:CC17) -> 0 | CI17: =SUM(CE17:CH17) -> 0 | CN17: =SUM(CJ17:CM17) -> 0 | CS17: =SUM(CO17:CR17) -> 0 | CX17: =SUM(CT17:CW17) -> 0 | DC17: =SUM(CY17:DB17) -> 0 | DH17: =SUM(DD17:DG17) -> 0 | DM17: =SUM(DI17:DL17) -> 0 | DR17: =SUM(DN17:DQ17) -> 0 | DW17: =SUM(DS17:DV17) -> 0 | EB17: =SUM(DX17:EA17) -> 0 | EG17: =SUM(EC17:EF17) -> 0 | EL17: =SUM(EH17:EK17) -> 0 | EQ17: =SUM(EM17:EP17) -> 0 | EV17: =SUM(ER17:EU17) -> 0 | FA17: =SUM(EW17:EZ17) -> 0 | FF17: =SUM(FB17:FE17) -> 0 | FK17: =SUM(FG17:FJ17) -> 0 | FP17: =SUM(FL17:FO17) -> 0 | FU17: =SUM(FQ17:FT17) -> 0 | FZ17: =SUM(FV17:FY17) -> 0
A18: Not known | G18: =SUM(C18:F18) -> 0 | L18: =SUM(H18:K18) -> 0 | Q18: =SUM(M18:P18) -> 0 | V18: =SUM(R18:U18) -> 0 | AA18: =SUM(W18:Z18) -> 0 | AF18: =SUM(AB18:AE18) -> 0 | AK18: =SUM(AG18:AJ18) -> 0 | AP18: =SUM(AL18:AO18) -> 0 | AU18: =SUM(AQ18:AT18) -> 0 | AZ18: =SUM(AV18:AY18) -> 0 | BE18: =SUM(BA18:BD18) -> 0 | BJ18: =SUM(BF18:BI18) -> 0 | BO18: =SUM(BK18:BN18) -> 0 | BT18: =SUM(BP18:BS18) -> 0 | BY18: =SUM(BU18:BX18) -> 0 | CD18: =SUM(BZ18:CC18) -> 0 | CI18: =SUM(CE18:CH18) -> 0 | CN18: =SUM(CJ18:CM18) -> 0 | CS18: =SUM(CO18:CR18) -> 0 | CX18: =SUM(CT18:CW18) -> 0 | DC18: =SUM(CY18:DB18) -> 0 | DH18: =SUM(DD18:DG18) -> 0 | DM18: =SUM(DI18:DL18) -> 0 | DR18: =SUM(DN18:DQ18) -> 0 | DW18: =SUM(DS18:DV18) -> 0 | EB18: =SUM(DX18:EA18) -> 0 | EG18: =SUM(EC18:EF18) -> 0 | EL18: =SUM(EH18:EK18) -> 0 | EQ18: =SUM(EM18:EP18) -> 0 | EV18: =SUM(ER18:EU18) -> 0 | FA18: =SUM(EW18:EZ18) -> 0 | FF18: =SUM(FB18:FE18) -> 0 | FK18: =SUM(FG18:FJ18) -> 0 | FP18: =SUM(FL18:FO18) -> 0 | FU18: =SUM(FQ18:FT18) -> 0 | FZ18: =SUM(FV18:FY18) -> 0
A19: Total | G19: =SUM(G7:G18) -> 0 | L19: =SUM(L7:L18) -> 0 | Q19: =SUM(Q7:Q18) -> 0 | V19: =SUM(V7:V18) -> 0 | AA19: =SUM(AA7:AA18) -> 0 | AF19: =SUM(AF7:AF18) -> 0 | AK19: =SUM(AK7:AK18) -> 0 | AP19: =SUM(AP7:AP18) -> 0 | AU19: =SUM(AU7:AU18) -> 0 | AZ19: =SUM(AZ7:AZ18) -> 0 | BE19: =SUM(BE7:BE18) -> 0 | BJ19: =SUM(BJ7:BJ18) -> 0 | BO19: =SUM(BO7:BO18) -> 0 | BT19: =SUM(BT7:BT18) -> 0 | BY19: =SUM(BY7:BY18) -> 0 | CD19: =SUM(CD7:CD18) -> 0 | CI19: =SUM(CI7:CI18) -> 0 | CN19: =SUM(CN7:CN18) -> 0 | CS19: =SUM(CS7:CS18) -> 0 | CX19: =SUM(CX7:CX18) -> 0 | DC19: =SUM(DC7:DC18) -> 0 | DH19: =SUM(DH7:DH18) -> 0 | DM19: =SUM(DM7:DM18) -> 0 | DR19: =SUM(DR7:DR18) -> 0 | DW19: =SUM(DW7:DW18) -> 0 | EB19: =SUM(EB7:EB18) -> 0 | EG19: =SUM(EG7:EG18) -> 0 | EL19: =SUM(EL7:EL18) -> 0 | EQ19: =SUM(EQ7:EQ18) -> 0 | EV19: =SUM(EV7:EV18) -> 0 | FA19: =SUM(FA7:FA18) -> 0 | FF19: =SUM(FF7:FF18) -> 0 | FK19: =SUM(FK7:FK18) -> 0 | FP19: =SUM(FP7:FP18) -> 0 | FU19: =SUM(FU7:FU18) -> 0 | FZ19: =SUM(FZ7:FZ18) -> 0
A21: REFLECTIONS AND CAVEATS
A22: Please use the free text field opposite to detail any challenges experienced in completing the above, and where additional clarification or amendments may be needed/helpful.
A24: Check if age and gender match all inquiries | G24: =AND(EXACT(G19,('2-3 INQUIRIES'!C7+'2-3 INQUIRIES'!C11))) -> TRUE | L24: =AND(EXACT(L19,('2-3 INQUIRIES'!H7+'2-3 INQUIRIES'!H11))) -> TRUE | Q24: =AND(EXACT(Q19,('2-3 INQUIRIES'!M7+'2-3 INQUIRIES'!M11))) -> TRUE | V24: =AND(EXACT(V19,('2-3 INQUIRIES'!R7+'2-3 INQUIRIES'!R11))) -> TRUE | AA24: =AND(EXACT(AA19,('2-3 INQUIRIES'!W7+'2-3 INQUIRIES'!W11))) -> TRUE | AF24: =AND(EXACT(AF19,('2-3 INQUIRIES'!AB7+'2-3 INQUIRIES'!AB11))) -> TRUE | AK24: =AND(EXACT(AK19,('2-3 INQUIRIES'!AG7+'2-3 INQUIRIES'!AG11))) -> TRUE | AP24: =AND(EXACT(AP19,('2-3 INQUIRIES'!AL7+'2-3 INQUIRIES'!AL11))) -> TRUE | AU24: =AND(EXACT(AU19,('2-3 INQUIRIES'!AQ7+'2-3 INQUIRIES'!AQ11))) -> TRUE | AZ24: =AND(EXACT(AZ19,('2-3 INQUIRIES'!AV7+'2-3 INQUIRIES'!AV11))) -> TRUE | BE24: =AND(EXACT(BE19,('2-3 INQUIRIES'!BA7+'2-3 INQUIRIES'!BA11))) -> TRUE | BJ24: =AND(EXACT(BJ19,('2-3 INQUIRIES'!BF7+'2-3 INQUIRIES'!BF11))) -> TRUE | BO24: =AND(EXACT(BO19,('2-3 INQUIRIES'!BK7+'2-3 INQUIRIES'!BK11))) -> TRUE | BT24: =AND(EXACT(BT19,('2-3 INQUIRIES'!BP7+'2-3 INQUIRIES'!BP11))) -> TRUE | BY24: =AND(EXACT(BY19,('2-3 INQUIRIES'!BU7+'2-3 INQUIRIES'!BU11))) -> TRUE | CD24: =AND(EXACT(CD19,('2-3 INQUIRIES'!BZ7+'2-3 INQUIRIES'!BZ11))) -> TRUE | CI24: =AND(EXACT(CI19,('2-3 INQUIRIES'!CE7+'2-3 INQUIRIES'!CE11))) -> TRUE | CN24: =AND(EXACT(CN19,('2-3 INQUIRIES'!CJ7+'2-3 INQUIRIES'!CJ11))) -> TRUE | CS24: =AND(EXACT(CS19,('2-3 INQUIRIES'!CO7+'2-3 INQUIRIES'!CO11))) -> TRUE | CX24: =AND(EXACT(CX19,('2-3 INQUIRIES'!CT7+'2-3 INQUIRIES'!CT11))) -> TRUE | DC24: =AND(EXACT(DC19,('2-3 INQUIRIES'!CY7+'2-3 INQUIRIES'!CY11))) -> TRUE | DH24: =AND(EXACT(DH19,('2-3 INQUIRIES'!DD7+'2-3 INQUIRIES'!DD11))) -> TRUE | DM24: =AND(EXACT(DM19,('2-3 INQUIRIES'!DI7+'2-3 INQUIRIES'!DI11))) -> TRUE | DR24: =AND(EXACT(DR19,('2-3 INQUIRIES'!DN7+'2-3 INQUIRIES'!DN11))) -> TRUE | DW24: =AND(EXACT(DW19,('2-3 INQUIRIES'!DS7+'2-3 INQUIRIES'!DS11))) -> TRUE | EB24: =AND(EXACT(EB19,('2-3 INQUIRIES'!DX7+'2-3 INQUIRIES'!DX11))) -> TRUE | EG24: =AND(EXACT(EG19,('2-3 INQUIRIES'!EC7+'2-3 INQUIRIES'!EC11))) -> TRUE | EL24: =AND(EXACT(EL19,('2-3 INQUIRIES'!EH7+'2-3 INQUIRIES'!EH11))) -> TRUE | EQ24: =AND(EXACT(EQ19,('2-3 INQUIRIES'!EM7+'2-3 INQUIRIES'!EM11))) -> TRUE | EV24: =AND(EXACT(EV19,('2-3 INQUIRIES'!ER7+'2-3 INQUIRIES'!ER11))) -> TRUE | FA24: =AND(EXACT(FA19,('2-3 INQUIRIES'!EW7+'2-3 INQUIRIES'!EW11))) -> TRUE | FF24: =AND(EXACT(FF19,('2-3 INQUIRIES'!FB7+'2-3 INQUIRIES'!FB11))) -> TRUE | FK24: =AND(EXACT(FK19,('2-3 INQUIRIES'!FG7+'2-3 INQUIRIES'!FG11))) -> TRUE | FP24: =AND(EXACT(FP19,('2-3 INQUIRIES'!FL7+'2-3 INQUIRIES'!FL11))) -> TRUE | FU24: =AND(EXACT(FU19,('2-3 INQUIRIES'!FQ7+'2-3 INQUIRIES'!FQ11))) -> TRUE | FZ24: =AND(EXACT(FZ19,('2-3 INQUIRIES'!FV7+'2-3 INQUIRIES'!FV11))) -> TRUE
A26: SUGGESTED PRESENTATION
A29: HELPER TABLES FOR I.13
A30: Indicator 13 | C30: Apr-Jun | D30: Jul-Sep | E30: Oct-Dec | F30: Jan-Mar | G30: Apr-Jun | H30: Jul-Sep | I30: Oct-Dec | J30: Jan-Mar | K30: Apr-Jun | L30: Jul-Sep | M30: Oct-Dec | N30: Jan-Mar | O30: Apr-Jun | P30: Jul-Sep | Q30: Oct-Dec | R30: Jan-Mar | S30: Apr-Jun | T30: Jul-Sep | U30: Oct-Dec | V30: Jan-Mar | W30: Apr-Jun | X30: Jul-Sep | Y30: Oct-Dec | Z30: Jan-Mar | AA30: Apr-Jun | AB30: Jul-Sep | AC30: Oct-Dec | AD30: Jan-Mar | AE30: Apr-Jun | AF30: Jul-Sep | AG30: Oct-Dec | AH30: Jan-Mar | AI30: Apr-Jun | AJ30: Jul-Sep | AK30: Oct-Dec | AL30: Jan-Mar
A31: NOT TO BE USED FOR DATA ENTRY | C31: Q1 2023/24 | D31: Q2 2023/24 | E31: Q3 2023/24 | F31: Q4 2023/24 | G31: Q1 2024/25 | H31: Q2 2024/25 | I31: Q3 2024/25 | J31: Q4 2024/25 | K31: Q1 2025/26 | L31: Q2 2025/26 | M31: Q3 2025/26 | N31: Q4 2025/26 | O31: Q1 2026/27 | P31: Q2 2026/27 | Q31: Q3 2026/27 | R31: Q4 2026/27 | S31: Q1 2027/28 | T31: Q2 2027/28 | U31: Q3 2027/28 | V31: Q4 2027/28 | W31: Q1 2028/29 | X31: Q2 2028/29 | Y31: Q3 2028/29 | Z31: Q4 2028/29 | AA31: Q1 2029/30 | AB31: Q2 2029/30 | AC31: Q3 2029/30 | AD31: Q4 2029/30 | AE31: Q1 2030/31 | AF31: Q2 2030/31 | AG31: Q3 2030/31 | AH31: Q4 2030/31 | AI31: Q1 2031/32 | AJ31: Q2 2031/32 | AK31: Q3 2031/32 | AL31: Q4 2031/32
A32: 16-17 | C32: {='13 AGE & GENDER'!G7:G18} -> 0 | D32: {='13 AGE & GENDER'!L7:L18} -> 0 | E32: {='13 AGE & GENDER'!Q7:Q18} -> 0 | F32: {='13 AGE & GENDER'!V7:V18} -> 0 | G32: {='13 AGE & GENDER'!AA7:AA18} -> 0 | H32: {='13 AGE & GENDER'!AF7:AF18} -> 0 | I32: {='13 AGE & GENDER'!AK7:AK18} -> 0 | J32: {='13 AGE & GENDER'!AP7:AP18} -> 0 | K32: {='13 AGE & GENDER'!AU7:AU18} -> 0 | L32: {='13 AGE & GENDER'!AZ7:AZ18} -> 0 | M32: {='13 AGE & GENDER'!BE7:BE18} -> 0 | N32: {='13 AGE & GENDER'!BJ7:BJ18} -> 0 | O32: {='13 AGE & GENDER'!BO7:BO18} -> 0 | P32: {='13 AGE & GENDER'!BT7:BT18} -> 0 | Q32: {='13 AGE & GENDER'!BY7:BY18} -> 0 | R32: {='13 AGE & GENDER'!CD7:CD18} -> 0 | S32: {='13 AGE & GENDER'!CI7:CI18} -> 0 | T32: {='13 AGE & GENDER'!CN7:CN18} -> 0 | U32: {='13 AGE & GENDER'!CS7:CS18} -> 0 | V32: {='13 AGE & GENDER'!CX7:CX18} -> 0 | W32: {='13 AGE & GENDER'!DC7:DC18} -> 0 | X32: {='13 AGE & GENDER'!DH7:DH18} -> 0 | Y32: {='13 AGE & GENDER'!DM7:DM18} -> 0 | Z32: {='13 AGE & GENDER'!DR7:DR18} -> 0 | AA32: {='13 AGE & GENDER'!DW7:DW18} -> 0 | AB32: {='13 AGE & GENDER'!EB7:EB18} -> 0 | AC32: {='13 AGE & GENDER'!EG7:EG18} -> 0 | AD32: {='13 AGE & GENDER'!EL7:EL18} -> 0 | AE32: {='13 AGE & GENDER'!EQ7:EQ18} -> 0 | AF32: {='13 AGE & GENDER'!EV7:EV18} -> 0 | AG32: {='13 AGE & GENDER'!FA7:FA18} -> 0 | AH32: {='13 AGE & GENDER'!FF7:FF18} -> 0 | AI32: {='13 AGE & GENDER'!FK7:FK18} -> 0 | AJ32: {='13 AGE & GENDER'!FP7:FP18} -> 0 | AK32: {='13 AGE & GENDER'!FU7:FU18} -> 0 | AL32: {='13 AGE & GENDER'!FZ7:FZ18} -> 0
A33: 18-24 | C33: 0 | D33: 0 | E33: 0 | F33: 0 | G33: 0 | H33: 0 | I33: 0 | J33: 0 | K33: 0 | L33: 0 | M33: 0 | N33: 0 | O33: 0 | P33: 0 | Q33: 0 | R33: 0 | S33: 0 | T33: 0 | U33: 0 | V33: 0 | W33: 0 | X33: 0 | Y33: 0 | Z33: 0 | AA33: 0 | AB33: 0 | AC33: 0 | AD33: 0 | AE33: 0 | AF33: 0 | AG33: 0 | AH33: 0 | AI33: 0 | AJ33: 0 | AK33: 0 | AL33: 0
A34: 25-34 | C34: 0 | D34: 0 | E34: 0 | F34: 0 | G34: 0 | H34: 0 | I34: 0 | J34: 0 | K34: 0 | L34: 0 | M34: 0 | N34: 0 | O34: 0 | P34: 0 | Q34: 0 | R34: 0 | S34: 0 | T34: 0 | U34: 0 | V34: 0 | W34: 0 | X34: 0 | Y34: 0 | Z34: 0 | AA34: 0 | AB34: 0 | AC34: 0 | AD34: 0 | AE34: 0 | AF34: 0 | AG34: 0 | AH34: 0 | AI34: 0 | AJ34: 0 | AK34: 0 | AL34: 0
A35: 35-44 | C35: 0 | D35: 0 | E35: 0 | F35: 0 | G35: 0 | H35: 0 | I35: 0 | J35: 0 | K35: 0 | L35: 0 | M35: 0 | N35: 0 | O35: 0 | P35: 0 | Q35: 0 | R35: 0 | S35: 0 | T35: 0 | U35: 0 | V35: 0 | W35: 0 | X35: 0 | Y35: 0 | Z35: 0 | AA35: 0 | AB35: 0 | AC35: 0 | AD35: 0 | AE35: 0 | AF35: 0 | AG35: 0 | AH35: 0 | AI35: 0 | AJ35: 0 | AK35: 0 | AL35: 0
A36: 45-54 | C36: 0 | D36: 0 | E36: 0 | F36: 0 | G36: 0 | H36: 0 | I36: 0 | J36: 0 | K36: 0 | L36: 0 | M36: 0 | N36: 0 | O36: 0 | P36: 0 | Q36: 0 | R36: 0 | S36: 0 | T36: 0 | U36: 0 | V36: 0 | W36: 0 | X36: 0 | Y36: 0 | Z36: 0 | AA36: 0 | AB36: 0 | AC36: 0 | AD36: 0 | AE36: 0 | AF36: 0 | AG36: 0 | AH36: 0 | AI36: 0 | AJ36: 0 | AK36: 0 | AL36: 0
A37: 55-64 | C37: 0 | D37: 0 | E37: 0 | F37: 0 | G37: 0 | H37: 0 | I37: 0 | J37: 0 | K37: 0 | L37: 0 | M37: 0 | N37: 0 | O37: 0 | P37: 0 | Q37: 0 | R37: 0 | S37: 0 | T37: 0 | U37: 0 | V37: 0 | W37: 0 | X37: 0 | Y37: 0 | Z37: 0 | AA37: 0 | AB37: 0 | AC37: 0 | AD37: 0 | AE37: 0 | AF37: 0 | AG37: 0 | AH37: 0 | AI37: 0 | AJ37: 0 | AK37: 0 | AL37: 0
A38: 65-69 | C38: 0 | D38: 0 | E38: 0 | F38: 0 | G38: 0 | H38: 0 | I38: 0 | J38: 0 | K38: 0 | L38: 0 | M38: 0 | N38: 0 | O38: 0 | P38: 0 | Q38: 0 | R38: 0 | S38: 0 | T38: 0 | U38: 0 | V38: 0 | W38: 0 | X38: 0 | Y38: 0 | Z38: 0 | AA38: 0 | AB38: 0 | AC38: 0 | AD38: 0 | AE38: 0 | AF38: 0 | AG38: 0 | AH38: 0 | AI38: 0 | AJ38: 0 | AK38: 0 | AL38: 0
A39: 70-74 | C39: 0 | D39: 0 | E39: 0 | F39: 0 | G39: 0 | H39: 0 | I39: 0 | J39: 0 | K39: 0 | L39: 0 | M39: 0 | N39: 0 | O39: 0 | P39: 0 | Q39: 0 | R39: 0 | S39: 0 | T39: 0 | U39: 0 | V39: 0 | W39: 0 | X39: 0 | Y39: 0 | Z39: 0 | AA39: 0 | AB39: 0 | AC39: 0 | AD39: 0 | AE39: 0 | AF39: 0 | AG39: 0 | AH39: 0 | AI39: 0 | AJ39: 0 | AK39: 0 | AL39: 0
A40: 75-79 | C40: 0 | D40: 0 | E40: 0 | F40: 0 | G40: 0 | H40: 0 | I40: 0 | J40: 0 | K40: 0 | L40: 0 | M40: 0 | N40: 0 | O40: 0 | P40: 0 | Q40: 0 | R40: 0 | S40: 0 | T40: 0 | U40: 0 | V40: 0 | W40: 0 | X40: 0 | Y40: 0 | Z40: 0 | AA40: 0 | AB40: 0 | AC40: 0 | AD40: 0 | AE40: 0 | AF40: 0 | AG40: 0 | AH40: 0 | AI40: 0 | AJ40: 0 | AK40: 0 | AL40: 0
A41: 80-84 | C41: 0 | D41: 0 | E41: 0 | F41: 0 | G41: 0 | H41: 0 | I41: 0 | J41: 0 | K41: 0 | L41: 0 | M41: 0 | N41: 0 | O41: 0 | P41: 0 | Q41: 0 | R41: 0 | S41: 0 | T41: 0 | U41: 0 | V41: 0 | W41: 0 | X41: 0 | Y41: 0 | Z41: 0 | AA41: 0 | AB41: 0 | AC41: 0 | AD41: 0 | AE41: 0 | AF41: 0 | AG41: 0 | AH41: 0 | AI41: 0 | AJ41: 0 | AK41: 0 | AL41: 0
A42: 85 + | C42: 0 | D42: 0 | E42: 0 | F42: 0 | G42: 0 | H42: 0 | I42: 0 | J42: 0 | K42: 0 | L42: 0 | M42: 0 | N42: 0 | O42: 0 | P42: 0 | Q42: 0 | R42: 0 | S42: 0 | T42: 0 | U42: 0 | V42: 0 | W42: 0 | X42: 0 | Y42: 0 | Z42: 0 | AA42: 0 | AB42: 0 | AC42: 0 | AD42: 0 | AE42: 0 | AF42: 0 | AG42: 0 | AH42: 0 | AI42: 0 | AJ42: 0 | AK42: 0 | AL42: 0
A43: Not known | C43: 0 | D43: 0 | E43: 0 | F43: 0 | G43: 0 | H43: 0 | I43: 0 | J43: 0 | K43: 0 | L43: 0 | M43: 0 | N43: 0 | O43: 0 | P43: 0 | Q43: 0 | R43: 0 | S43: 0 | T43: 0 | U43: 0 | V43: 0 | W43: 0 | X43: 0 | Y43: 0 | Z43: 0 | AA43: 0 | AB43: 0 | AC43: 0 | AD43: 0 | AE43: 0 | AF43: 0 | AG43: 0 | AH43: 0 | AI43: 0 | AJ43: 0 | AK43: 0 | AL43: 0
A44: Indicator 13 | C44: Apr-Jun | D44: Jul-Sep | E44: Oct-Dec | F44: Jan-Mar | G44: Apr-Jun | H44: Jul-Sep | I44: Oct-Dec | J44: Jan-Mar | K44: Apr-Jun | L44: Jul-Sep | M44: Oct-Dec | N44: Jan-Mar | O44: Apr-Jun | P44: Jul-Sep | Q44: Oct-Dec | R44: Jan-Mar | S44: Apr-Jun | T44: Jul-Sep | U44: Oct-Dec | V44: Jan-Mar | W44: Apr-Jun | X44: Jul-Sep | Y44: Oct-Dec | Z44: Jan-Mar | AA44: Apr-Jun | AB44: Jul-Sep | AC44: Oct-Dec | AD44: Jan-Mar | AE44: Apr-Jun | AF44: Jul-Sep | AG44: Oct-Dec | AH44: Jan-Mar | AI44: Apr-Jun | AJ44: Jul-Sep | AK44: Oct-Dec | AL44: Jan-Mar
A45: NOT TO BE USED FOR DATA ENTRY | C45: Q1 2023/24 | D45: Q2 2023/24 | E45: Q3 2023/24 | F45: Q4 2023/24 | G45: Q1 2024/25 | H45: Q2 2024/25 | I45: Q3 2024/25 | J45: Q4 2024/25 | K45: Q1 2025/26 | L45: Q2 2025/26 | M45: Q3 2025/26 | N45: Q4 2025/26 | O45: Q1 2026/27 | P45: Q2 2026/27 | Q45: Q3 2026/27 | R45: Q4 2026/27 | S45: Q1 2027/28 | T45: Q2 2027/28 | U45: Q3 2027/28 | V45: Q4 2027/28 | W45: Q1 2028/29 | X45: Q2 2028/29 | Y45: Q3 2028/29 | Z45: Q4 2028/29 | AA45: Q1 2029/30 | AB45: Q2 2029/30 | AC45: Q3 2029/30 | AD45: Q4 2029/30 | AE45: Q1 2030/31 | AF45: Q2 2030/31 | AG45: Q3 2030/31 | AH45: Q4 2030/31 | AI45: Q1 2031/32 | AJ45: Q2 2031/32 | AK45: Q3 2031/32 | AL45: Q4 2031/32
A46: Male | C46: =SUM('13 AGE & GENDER'!C7:C18) -> 0 | D46: =SUM('13 AGE & GENDER'!H7:H18) -> 0 | E46: =SUM('13 AGE & GENDER'!M7:M18) -> 0 | F46: =SUM('13 AGE & GENDER'!R7:R18) -> 0 | G46: =SUM('13 AGE & GENDER'!W7:W18) -> 0 | H46: =SUM('13 AGE & GENDER'!AB7:AB18) -> 0 | I46: =SUM('13 AGE & GENDER'!AG7:AG18) -> 0 | J46: =SUM('13 AGE & GENDER'!AL7:AL18) -> 0 | K46: =SUM('13 AGE & GENDER'!AQ7:AQ18) -> 0 | L46: =SUM('13 AGE & GENDER'!AV7:AV18) -> 0 | M46: =SUM('13 AGE & GENDER'!BA7:BA18) -> 0 | N46: =SUM('13 AGE & GENDER'!BF7:BF18) -> 0 | O46: =SUM('13 AGE & GENDER'!BK7:BK18) -> 0 | P46: =SUM('13 AGE & GENDER'!BP7:BP18) -> 0 | Q46: =SUM('13 AGE & GENDER'!BU7:BU18) -> 0 | R46: =SUM('13 AGE & GENDER'!BZ7:BZ18) -> 0 | S46: =SUM('13 AGE & GENDER'!CE7:CE18) -> 0 | T46: =SUM('13 AGE & GENDER'!CJ7:CJ18) -> 0 | U46: =SUM('13 AGE & GENDER'!CO7:CO18) -> 0 | V46: =SUM('13 AGE & GENDER'!CT7:CT18) -> 0 | W46: =SUM('13 AGE & GENDER'!CY7:CY18) -> 0 | X46: =SUM('13 AGE & GENDER'!DD7:DD18) -> 0 | Y46: =SUM('13 AGE & GENDER'!DI7:DI18) -> 0 | Z46: =SUM('13 AGE & GENDER'!DN7:DN18) -> 0 | AA46: =SUM('13 AGE & GENDER'!DS7:DS18) -> 0 | AB46: =SUM('13 AGE & GENDER'!DX7:DX18) -> 0 | AC46: =SUM('13 AGE & GENDER'!EC7:EC18) -> 0 | AD46: =SUM('13 AGE & GENDER'!EH7:EH18) -> 0 | AE46: =SUM('13 AGE & GENDER'!EM7:EM18) -> 0 | AF46: =SUM('13 AGE & GENDER'!ER7:ER18) -> 0 | AG46: =SUM('13 AGE & GENDER'!EW7:EW18) -> 0 | AH46: =SUM('13 AGE & GENDER'!FB7:FB18) -> 0 | AI46: =SUM('13 AGE & GENDER'!FG7:FG18) -> 0 | AJ46: =SUM('13 AGE & GENDER'!FL7:FL18) -> 0 | AK46: =SUM('13 AGE & GENDER'!FQ7:FQ18) -> 0 | AL46: =SUM('13 AGE & GENDER'!FV7:FV18) -> 0
A47: Female | C47: =SUM('13 AGE & GENDER'!D7:D18) -> 0 | D47: =SUM('13 AGE & GENDER'!I7:I18) -> 0 | E47: =SUM('13 AGE & GENDER'!N7:N18) -> 0 | F47: =SUM('13 AGE & GENDER'!S7:S18) -> 0 | G47: =SUM('13 AGE & GENDER'!X7:X18) -> 0 | H47: =SUM('13 AGE & GENDER'!AC7:AC18) -> 0 | I47: =SUM('13 AGE & GENDER'!AH7:AH18) -> 0 | J47: =SUM('13 AGE & GENDER'!AM7:AM18) -> 0 | K47: =SUM('13 AGE & GENDER'!AR7:AR18) -> 0 | L47: =SUM('13 AGE & GENDER'!AW7:AW18) -> 0 | M47: =SUM('13 AGE & GENDER'!BB7:BB18) -> 0 | N47: =SUM('13 AGE & GENDER'!BG7:BG18) -> 0 | O47: =SUM('13 AGE & GENDER'!BL7:BL18) -> 0 | P47: =SUM('13 AGE & GENDER'!BQ7:BQ18) -> 0 | Q47: =SUM('13 AGE & GENDER'!BV7:BV18) -> 0 | R47: =SUM('13 AGE & GENDER'!CA7:CA18) -> 0 | S47: =SUM('13 AGE & GENDER'!CF7:CF18) -> 0 | T47: =SUM('13 AGE & GENDER'!CK7:CK18) -> 0 | U47: =SUM('13 AGE & GENDER'!CP7:CP18) -> 0 | V47: =SUM('13 AGE & GENDER'!CU7:CU18) -> 0 | W47: =SUM('13 AGE & GENDER'!CZ7:CZ18) -> 0 | X47: =SUM('13 AGE & GENDER'!DE7:DE18) -> 0 | Y47: =SUM('13 AGE & GENDER'!DJ7:DJ18) -> 0 | Z47: =SUM('13 AGE & GENDER'!DO7:DO18) -> 0 | AA47: =SUM('13 AGE & GENDER'!DT7:DT18) -> 0 | AB47: =SUM('13 AGE & GENDER'!DY7:DY18) -> 0 | AC47: =SUM('13 AGE & GENDER'!ED7:ED18) -> 0 | AD47: =SUM('13 AGE & GENDER'!EI7:EI18) -> 0 | AE47: =SUM('13 AGE & GENDER'!EN7:EN18) -> 0 | AF47: =SUM('13 AGE & GENDER'!ES7:ES18) -> 0 | AG47: =SUM('13 AGE & GENDER'!EX7:EX18) -> 0 | AH47: =SUM('13 AGE & GENDER'!FC7:FC18) -> 0 | AI47: =SUM('13 AGE & GENDER'!FH7:FH18) -> 0 | AJ47: =SUM('13 AGE & GENDER'!FM7:FM18) -> 0 | AK47: =SUM('13 AGE & GENDER'!FR7:FR18) -> 0 | AL47: =SUM('13 AGE & GENDER'!FW7:FW18) -> 0
A48: Trans or non-binary | C48: =SUM('13 AGE & GENDER'!E7:E18) -> 0 | D48: =SUM('13 AGE & GENDER'!J7:J18) -> 0 | E48: =SUM('13 AGE & GENDER'!O7:O18) -> 0 | F48: =SUM('13 AGE & GENDER'!T7:T18) -> 0 | G48: =SUM('13 AGE & GENDER'!Y7:Y18) -> 0 | H48: =SUM('13 AGE & GENDER'!AD7:AD18) -> 0 | I48: =SUM('13 AGE & GENDER'!AI7:AI18) -> 0 | J48: =SUM('13 AGE & GENDER'!AN7:AN18) -> 0 | K48: =SUM('13 AGE & GENDER'!AS7:AS18) -> 0 | L48: =SUM('13 AGE & GENDER'!AX7:AX18) -> 0 | M48: =SUM('13 AGE & GENDER'!BC7:BC18) -> 0 | N48: =SUM('13 AGE & GENDER'!BH7:BH18) -> 0 | O48: =SUM('13 AGE & GENDER'!BM7:BM18) -> 0 | P48: =SUM('13 AGE & GENDER'!BR7:BR18) -> 0 | Q48: =SUM('13 AGE & GENDER'!BW7:BW18) -> 0 | R48: =SUM('13 AGE & GENDER'!CB7:CB18) -> 0 | S48: =SUM('13 AGE & GENDER'!CG7:CG18) -> 0 | T48: =SUM('13 AGE & GENDER'!CL7:CL18) -> 0 | U48: =SUM('13 AGE & GENDER'!CQ7:CQ18) -> 0 | V48: =SUM('13 AGE & GENDER'!CV7:CV18) -> 0 | W48: =SUM('13 AGE & GENDER'!DA7:DA18) -> 0 | X48: =SUM('13 AGE & GENDER'!DF7:DF18) -> 0 | Y48: =SUM('13 AGE & GENDER'!DK7:DK18) -> 0 | Z48: =SUM('13 AGE & GENDER'!DP7:DP18) -> 0 | AA48: =SUM('13 AGE & GENDER'!DU7:DU18) -> 0 | AB48: =SUM('13 AGE & GENDER'!DZ7:DZ18) -> 0 | AC48: =SUM('13 AGE & GENDER'!EE7:EE18) -> 0 | AD48: =SUM('13 AGE & GENDER'!EJ7:EJ18) -> 0 | AE48: =SUM('13 AGE & GENDER'!EO7:EO18) -> 0 | AF48: =SUM('13 AGE & GENDER'!ET7:ET18) -> 0 | AG48: =SUM('13 AGE & GENDER'!EY7:EY18) -> 0 | AH48: =SUM('13 AGE & GENDER'!FD7:FD18) -> 0 | AI48: =SUM('13 AGE & GENDER'!FI7:FI18) -> 0 | AJ48: =SUM('13 AGE & GENDER'!FN7:FN18) -> 0 | AK48: =SUM('13 AGE & GENDER'!FS7:FS18) -> 0 | AL48: =SUM('13 AGE & GENDER'!FX7:FX18) -> 0
A49: Prefer not to say | C49: =SUM('13 AGE & GENDER'!F7:F18) -> 0 | D49: =SUM('13 AGE & GENDER'!K7:K18) -> 0 | E49: =SUM('13 AGE & GENDER'!P7:P18) -> 0 | F49: =SUM('13 AGE & GENDER'!U7:U18) -> 0 | G49: =SUM('13 AGE & GENDER'!Z7:Z18) -> 0 | H49: =SUM('13 AGE & GENDER'!AE7:AE18) -> 0 | I49: =SUM('13 AGE & GENDER'!AJ7:AJ18) -> 0 | J49: =SUM('13 AGE & GENDER'!AO7:AO18) -> 0 | K49: =SUM('13 AGE & GENDER'!AT7:AT18) -> 0 | L49: =SUM('13 AGE & GENDER'!AY7:AY18) -> 0 | M49: =SUM('13 AGE & GENDER'!BD7:BD18) -> 0 | N49: =SUM('13 AGE & GENDER'!BI7:BI18) -> 0 | O49: =SUM('13 AGE & GENDER'!BN7:BN18) -> 0 | P49: =SUM('13 AGE & GENDER'!BS7:BS18) -> 0 | Q49: =SUM('13 AGE & GENDER'!BX7:BX18) -> 0 | R49: =SUM('13 AGE & GENDER'!CC7:CC18) -> 0 | S49: =SUM('13 AGE & GENDER'!CH7:CH18) -> 0 | T49: =SUM('13 AGE & GENDER'!CM7:CM18) -> 0 | U49: =SUM('13 AGE & GENDER'!CR7:CR18) -> 0 | V49: =SUM('13 AGE & GENDER'!CW7:CW18) -> 0 | W49: =SUM('13 AGE & GENDER'!DB7:DB18) -> 0 | X49: =SUM('13 AGE & GENDER'!DG7:DG18) -> 0 | Y49: =SUM('13 AGE & GENDER'!DL7:DL18) -> 0 | Z49: =SUM('13 AGE & GENDER'!DQ7:DQ18) -> 0 | AA49: =SUM('13 AGE & GENDER'!DV7:DV18) -> 0 | AB49: =SUM('13 AGE & GENDER'!EA7:EA18) -> 0 | AC49: =SUM('13 AGE & GENDER'!EF7:EF18) -> 0 | AD49: =SUM('13 AGE & GENDER'!EK7:EK18) -> 0 | AE49: =SUM('13 AGE & GENDER'!EP7:EP18) -> 0 | AF49: =SUM('13 AGE & GENDER'!EU7:EU18) -> 0 | AG49: =SUM('13 AGE & GENDER'!EZ7:EZ18) -> 0 | AH49: =SUM('13 AGE & GENDER'!FE7:FE18) -> 0 | AI49: =SUM('13 AGE & GENDER'!FJ7:FJ18) -> 0 | AJ49: =SUM('13 AGE & GENDER'!FO7:FO18) -> 0 | AK49: =SUM('13 AGE & GENDER'!FT7:FT18) -> 0 | AL49: =SUM('13 AGE & GENDER'!FY7:FY18) -> 0
A51: NOTES ON COMPLETION
A52: =A1 -> Indicator 13 | C52: To be captured for all inquiries, irrespective of whether investigatory powers are used or not. qawAn ASPP is closed when there is no longer any ASP oversight of support actions.
A54: DATE REPORTED
A55: =A1 -> Indicator 13 | C55: Cumulative number by end of quarter (eg January to March 2023)
A57: RATIONALE
A58: =A1 -> Indicator 13 | C58: Tells us about the most vulnerable adults in the system - who they are and what types of harm they face and where. The 16-17 age band is to capture data on those in transition from or spanning children and adult services. We have new age bandings for data collected at inquiry stage (indicator 13) for 2025-26 to align more closely with Health and Social Care Datasets. These are at 10 year intervals from age 25 years up to the age of 65, after which we will have 5 year intervals up to 84 years. The 16-17 year category will be retained as it is useful to know whether young adults are being referred to and progressed through ASP or Child Protection procedures.

Sheet 14 ETHNICITY
A1: Indicator 14 | C1: ETHNICITY (FOR ALL INQUIRIES)
A3: LOCAL DATA
A4: =A1 -> Indicator 14 | C4: Apr-Jun | D4: Jul-Sep | E4: Oct-Dec | F4: Jan-Mar | G4: Apr-Jun | H4: Jul-Sep | I4: Oct-Dec | J4: Jan-Mar | K4: Apr-Jun | L4: Jul-Sep | M4: Oct-Dec | N4: Jan-Mar | O4: Apr-Jun | P4: Jul-Sep | Q4: Oct-Dec | R4: Jan-Mar | S4: Apr-Jun | T4: Jul-Sep | U4: Oct-Dec | V4: Jan-Mar | W4: Apr-Jun | X4: Jul-Sep | Y4: Oct-Dec | Z4: Jan-Mar | AA4: Apr-Jun | AB4: Jul-Sep | AC4: Oct-Dec | AD4: Jan-Mar | AE4: Apr-Jun | AF4: Jul-Sep | AG4: Oct-Dec | AH4: Jan-Mar | AI4: Apr-Jun | AJ4: Jul-Sep | AK4: Oct-Dec | AL4: Jan-Mar
C5: Q1 2023/24 | D5: Q2 2023/24 | E5: Q3 2023/24 | F5: Q4 2023/24 | G5: Q1 2024/25 | H5: Q2 2024/25 | I5: Q3 2024/25 | J5: Q4 2024/25 | K5: Q1 2025/26 | L5: Q2 2025/26 | M5: Q3 2025/26 | N5: Q4 2025/26 | O5: Q1 2026/27 | P5: Q2 2026/27 | Q5: Q3 2026/27 | R5: Q4 2026/27 | S5: Q1 2027/28 | T5: Q2 2027/28 | U5: Q3 2027/28 | V5: Q4 2027/28 | W5: Q1 2028/29 | X5: Q2 2028/29 | Y5: Q3 2028/29 | Z5: Q4 2028/29 | AA5: Q1 2029/30 | AB5: Q2 2029/30 | AC5: Q3 2029/30 | AD5: Q4 2029/30 | AE5: Q1 2030/31 | AF5: Q2 2030/31 | AG5: Q3 2030/31 | AH5: Q4 2030/31 | AI5: Q1 2031/32 | AJ5: Q2 2031/32 | AK5: Q3 2031/32 | AL5: Q4 2031/32
A6: White
A7: Mixed or multiple ethnic groups
A8: Asian, Scottish Asian or British Asian
A9: African, Scottish African or British African
A10: Caribbean or Black
A11: Other ethnic group
A12: Not disclosed
A13: Not known
A14: Total | C14: =SUM(C6:C13) -> 0 | D14: =SUM(D6:D13) -> 0 | E14: =SUM(E6:E13) -> 0 | F14: =SUM(F6:F13) -> 0 | G14: =SUM(G6:G13) -> 0 | H14: =SUM(H6:H13) -> 0 | I14: =SUM(I6:I13) -> 0 | J14: =SUM(J6:J13) -> 0 | ... AL14: =SUM(AL6:AL13) -> 0
A16: REFLECTIONS AND CAVEATS
A17: Please use the free text field opposite to detail any challenges experienced in completing the above, and where additional clarification or amendments may be needed/helpful.
A19: Check if ethnicity match all inquiries | C19: =AND(EXACT(C14,('2-3 INQUIRIES'!C7+'2-3 INQUIRIES'!C11))) -> TRUE | D19: =AND(EXACT(D14,('2-3 INQUIRIES'!D7+'2-3 INQUIRIES'!D11))) -> TRUE | E19: =AND(EXACT(E14,('2-3 INQUIRIES'!E7+'2-3 INQUIRIES'!E11))) -> TRUE | F19: =AND(EXACT(F14,('2-3 INQUIRIES'!F7+'2-3 INQUIRIES'!F11))) -> TRUE | G19: =AND(EXACT(G14,('2-3 INQUIRIES'!G7+'2-3 INQUIRIES'!G11))) -> TRUE | H19: =AND(EXACT(H14,('2-3 INQUIRIES'!H7+'2-3 INQUIRIES'!H11))) -> TRUE | I19: =AND(EXACT(I14,('2-3 INQUIRIES'!I7+'2-3 INQUIRIES'!I11))) -> TRUE | J19: =AND(EXACT(J14,('2-3 INQUIRIES'!J7+'2-3 INQUIRIES'!J11))) -> TRUE | ... AL19: =AND(EXACT(AL14,('2-3 INQUIRIES'!AL7+'2-3 INQUIRIES'!AL11))) -> TRUE
A21: SUGGESTED PRESENTATION
A23: HELPER TABLES FOR I.14 CHARTS
A24: Indicator 14 | C24: Apr-Jun | D24: Jul-Sep | E24: Oct-Dec | F24: Jan-Mar | G24: Apr-Jun | H24: Jul-Sep | I24: Oct-Dec | J24: Jan-Mar | K24: Apr-Jun | L24: Jul-Sep | M24: Oct-Dec | N24: Jan-Mar | O24: Apr-Jun | P24: Jul-Sep | Q24: Oct-Dec | R24: Jan-Mar | S24: Apr-Jun | T24: Jul-Sep | U24: Oct-Dec | V24: Jan-Mar | W24: Apr-Jun | X24: Jul-Sep | Y24: Oct-Dec | Z24: Jan-Mar | AA24: Apr-Jun | AB24: Jul-Sep | AC24: Oct-Dec | AD24: Jan-Mar | AE24: Apr-Jun | AF24: Jul-Sep | AG24: Oct-Dec | AH24: Jan-Mar | AI24: Apr-Jun | AJ24: Jul-Sep | AK24: Oct-Dec | AL24: Jan-Mar
A25: NOT TO BE USED FOR DATA ENTRY | C25: Q1 2023/24 | D25: Q2 2023/24 | E25: Q3 2023/24 | F25: Q4 2023/24 | G25: Q1 2024/25 | H25: Q2 2024/25 | I25: Q3 2024/25 | J25: Q4 2024/25 | K25: Q1 2025/26 | L25: Q2 2025/26 | M25: Q3 2025/26 | N25: Q4 2025/26 | O25: Q1 2026/27 | P25: Q2 2026/27 | Q25: Q3 2026/27 | R25: Q4 2026/27 | S25: Q1 2027/28 | T25: Q2 2027/28 | U25: Q3 2027/28 | V25: Q4 2027/28 | W25: Q1 2028/29 | X25: Q2 2028/29 | Y25: Q3 2028/29 | Z25: Q4 2028/29 | AA25: Q1 2029/30 | AB25: Q2 2029/30 | AC25: Q3 2029/30 | AD25: Q4 2029/30 | AE25: Q1 2030/31 | AF25: Q2 2030/31 | AG25: Q3 2030/31 | AH25: Q4 2030/31 | AI25: Q1 2031/32 | AJ25: Q2 2031/32 | AK25: Q3 2031/32 | AL25: Q4 2031/32
A26: Known non-white ethnicity | C26: =SUM(C7:C11) -> 0 | D26: =SUM(D7:D11) -> 0 | E26: =SUM(E7:E11) -> 0 | F26: =SUM(F7:F11) -> 0 | G26: =SUM(G7:G11) -> 0 | H26: =SUM(H7:H11) -> 0 | I26: =SUM(I7:I11) -> 0 | J26: =SUM(J7:J11) -> 0 | ... AL26: =SUM(AL7:AL11) -> 0
A27: Not known / not disclosed | C27: =SUM(C12:C13) -> 0 | D27: =SUM(D12:D13) -> 0 | E27: =SUM(E12:E13) -> 0 | F27: =SUM(F12:F13) -> 0 | G27: =SUM(G12:G13) -> 0 | H27: =SUM(H12:H13) -> 0 | I27: =SUM(I12:I13) -> 0 | J27: =SUM(J12:J13) -> 0 | ... AL27: =SUM(AL12:AL13) -> 0
A29: NOTES ON COMPLETION
A30: =A1 -> Indicator 14 | C30: To be captured for all inquiries, irrespective of whether investigatory powers are used or not.
A32: DATE REPORTED
A33: =A1 -> Indicator 14 | C33: Cumulative number by end of quarter (eg January to March 2023)
A35: RATIONALE
A36: =A1 -> Indicator 14 | C36: Tells us about the most vulnerable adults in the system- who they are and what types of harm they face and where. The categories used for ethnicity mirror those used in the last census, 2022: https://www.scotlandscensus.gov.uk/media/fxonlo0d/scotlands-census-2022-question-set-version-v4-0-09-09-2021.pdf
C37: Notes While there is no mandatory legal duty for employers or service providers to ask for an individual's ethnicity, it is highly recommended as best practice to meet equality goals and to monitor structural inequalities, discrimination and fair access to services
C39: While there is no mandatory legal duty for employers or service providers to ask for an individual's ethnicity, and people have the right to refuse to answer, collecting this data helps comply with the Equality Act 2010 by identifying disparities, structural inequalities and fair access to services, particularly for public bodies under the Public Sector Equality Duty.
C41: Organisations must explain why they need it and how the data will be kept secure. Ethnicity is classified as "special category data" under GDPR, meaning it requires stricter protection

Sheet 15 TYPES OF HARM
A1: Indicator 15a | C1: PRIMARY TYPE OF HARM (FOR INQUIRIES CONCLUDED WITHOUT THE USE OF INVESTIGATORY POWERS)
A2: Indicator 15b | C2: PRIMARY TYPE OF HARM (FOR INQUIRIES USING INVESTIGATORY POWERS)
A4: LOCAL DATA
A5: =A1 -> Indicator 15a | C5: Apr-Jun | D5: Jul-Sep | E5: Oct-Dec | F5: Jan-Mar | G5: Apr-Jun | H5: Jul-Sep | I5: Oct-Dec | J5: Jan-Mar | K5: Apr-Jun | L5: Jul-Sep | M5: Oct-Dec | N5: Jan-Mar | O5: Apr-Jun | P5: Jul-Sep | Q5: Oct-Dec | R5: Jan-Mar | S5: Apr-Jun | T5: Jul-Sep | U5: Oct-Dec | V5: Jan-Mar | W5: Apr-Jun | X5: Jul-Sep | Y5: Oct-Dec | Z5: Jan-Mar | AA5: Apr-Jun | AB5: Jul-Sep | AC5: Oct-Dec | AD5: Jan-Mar | AE5: Apr-Jun | AF5: Jul-Sep | AG5: Oct-Dec | AH5: Jan-Mar | AI5: Apr-Jun | AJ5: Jul-Sep | AK5: Oct-Dec | AL5: Jan-Mar
C6: Q1 2023/24 | D6: Q2 2023/24 | E6: Q3 2023/24 | F6: Q4 2023/24 | G6: Q1 2024/25 | H6: Q2 2024/25 | I6: Q3 2024/25 | J6: Q4 2024/25 | K6: Q1 2025/26 | L6: Q2 2025/26 | M6: Q3 2025/26 | N6: Q4 2025/26 | O6: Q1 2026/27 | P6: Q2 2026/27 | Q6: Q3 2026/27 | R6: Q4 2026/27 | S6: Q1 2027/28 | T6: Q2 2027/28 | U6: Q3 2027/28 | V6: Q4 2027/28 | W6: Q1 2028/29 | X6: Q2 2028/29 | Y6: Q3 2028/29 | Z6: Q4 2028/29 | AA6: Q1 2029/30 | AB6: Q2 2029/30 | AC6: Q3 2029/30 | AD6: Q4 2029/30 | AE6: Q1 2030/31 | AF6: Q2 2030/31 | AG6: Q3 2030/31 | AH6: Q4 2030/31 | AI6: Q1 2031/32 | AJ6: Q2 2031/32 | AK6: Q3 2031/32 | AL6: Q4 2031/32
A7: Physical harm
A8: Sexual harm
A9: Psychological/emotional harm
A10: Financial or Material harm
A11: Neglect and Acts of Omission
A12: Discriminatory harm
A13: Self harm
A14: Self-neglect (excluding hoarding behaviour)
A15: Domestic abuse
A16: Human trafficking and/or Exploitation
A17: Hoarding behaviour
A18: Other (please specify below)
A19: Total | C19: =SUM(C7:C18) -> 0 | D19: =SUM(D7:D18) -> 0 | E19: =SUM(E7:E18) -> 0 | F19: =SUM(F7:F18) -> 0 | G19: =SUM(G7:G18) -> 0 | H19: =SUM(H7:H18) -> 0 | I19: =SUM(I7:I18) -> 0 | J19: =SUM(J7:J18) -> 0 | ... AL19: =SUM(AL7:AL18) -> 0
A21: =A2 -> Indicator 15b | C21: Apr-Jun | D21: Jul-Sep | E21: Oct-Dec | F21: Jan-Mar | G21: Apr-Jun | H21: Jul-Sep | I21: Oct-Dec | J21: Jan-Mar | K21: Apr-Jun | L21: Jul-Sep | M21: Oct-Dec | N21: Jan-Mar | O21: Apr-Jun | P21: Jul-Sep | Q21: Oct-Dec | R21: Jan-Mar | S21: Apr-Jun | T21: Jul-Sep | U21: Oct-Dec | V21: Jan-Mar | W21: Apr-Jun | X21: Jul-Sep | Y21: Oct-Dec | Z21: Jan-Mar | AA21: Apr-Jun | AB21: Jul-Sep | AC21: Oct-Dec | AD21: Jan-Mar | AE21: Apr-Jun | AF21: Jul-Sep | AG21: Oct-Dec | AH21: Jan-Mar | AI21: Apr-Jun | AJ21: Jul-Sep | AK21: Oct-Dec | AL21: Jan-Mar
C22: Q1 2023/24 | D22: Q2 2023/24 | E22: Q3 2023/24 | F22: Q4 2023/24 | G22: Q1 2024/25 | H22: Q2 2024/25 | I22: Q3 2024/25 | J22: Q4 2024/25 | K22: Q1 2025/26 | L22: Q2 2025/26 | M22: Q3 2025/26 | N22: Q4 2025/26 | O22: Q1 2026/27 | P22: Q2 2026/27 | Q22: Q3 2026/27 | R22: Q4 2026/27 | S22: Q1 2027/28 | T22: Q2 2027/28 | U22: Q3 2027/28 | V22: Q4 2027/28 | W22: Q1 2028/29 | X22: Q2 2028/29 | Y22: Q3 2028/29 | Z22: Q4 2028/29 | AA22: Q1 2029/30 | AB22: Q2 2029/30 | AC22: Q3 2029/30 | AD22: Q4 2029/30 | AE22: Q1 2030/31 | AF22: Q2 2030/31 | AG22: Q3 2030/31 | AH22: Q4 2030/31 | AI22: Q1 2031/32 | AJ22: Q2 2031/32 | AK22: Q3 2031/32 | AL22: Q4 2031/32
A23: Physical harm
A24: Sexual harm
A25: Psychological/emotional harm
A26: Financial or Material harm
A27: Neglect and Acts of Omission
A28: Discriminatory harm
A29: Self harm
A30: Self-neglect (excluding hoarding behaviour)
A31: Domestic abuse
A32: Human trafficking and/or Exploitation
A33: Hoarding behaviour
A34: Other (please specify below)
A35: Total | C35: =SUM(C23:C34) -> 0 | D35: =SUM(D23:D34) -> 0 | E35: =SUM(E23:E34) -> 0 | F35: =SUM(F23:F34) -> 0 | G35: =SUM(G23:G34) -> 0 | H35: =SUM(H23:H34) -> 0 | I35: =SUM(I23:I34) -> 0 | J35: =SUM(J23:J34) -> 0 | ... AL35: =SUM(AL23:AL34) -> 0
A37: OPTIONAL FURTHER DATA | C37: If possible, please use the fields below to provide a breakdown of the types of harm combined within the 'Other' category above.
A38: =(A1) -> Indicator 15a | C38: Apr-Jun | D38: Jul-Sep | E38: Oct-Dec | F38: Jan-Mar | G38: Apr-Jun | H38: Jul-Sep | I38: Oct-Dec | J38: Jan-Mar | K38: Apr-Jun | L38: Jul-Sep | M38: Oct-Dec | N38: Jan-Mar | O38: Apr-Jun | P38: Jul-Sep | Q38: Oct-Dec | R38: Jan-Mar | S38: Apr-Jun | T38: Jul-Sep | U38: Oct-Dec | V38: Jan-Mar | W38: Apr-Jun | X38: Jul-Sep | Y38: Oct-Dec | Z38: Jan-Mar | AA38: Apr-Jun | AB38: Jul-Sep | AC38: Oct-Dec | AD38: Jan-Mar | AE38: Apr-Jun | AF38: Jul-Sep | AG38: Oct-Dec | AH38: Jan-Mar | AI38: Apr-Jun | AJ38: Jul-Sep | AK38: Oct-Dec | AL38: Jan-Mar
A39: Other (categories and values) | C39: Q1 2023/24 | D39: Q2 2023/24 | E39: Q3 2023/24 | F39: Q4 2023/24 | G39: Q1 2024/25 | H39: Q2 2024/25 | I39: Q3 2024/25 | J39: Q4 2024/25 | K39: Q1 2025/26 | L39: Q2 2025/26 | M39: Q3 2025/26 | N39: Q4 2025/26 | O39: Q1 2026/27 | P39: Q2 2026/27 | Q39: Q3 2026/27 | R39: Q4 2026/27 | S39: Q1 2027/28 | T39: Q2 2027/28 | U39: Q3 2027/28 | V39: Q4 2027/28 | W39: Q1 2028/29 | X39: Q2 2028/29 | Y39: Q3 2028/29 | Z39: Q4 2028/29 | AA39: Q1 2029/30 | AB39: Q2 2029/30 | AC39: Q3 2029/30 | AD39: Q4 2029/30 | AE39: Q1 2030/31 | AF39: Q2 2030/31 | AG39: Q3 2030/31 | AH39: Q4 2030/31 | AI39: Q1 2031/32 | AJ39: Q2 2031/32 | AK39: Q3 2031/32 | AL39: Q4 2031/32
A45: =A2 -> Indicator 15b | C45: Apr-Jun | D45: Jul-Sep | E45: Oct-Dec | F45: Jan-Mar | G45: Apr-Jun | H45: Jul-Sep | I45: Oct-Dec | J45: Jan-Mar | K45: Apr-Jun | L45: Jul-Sep | M45: Oct-Dec | N45: Jan-Mar | O45: Apr-Jun | P45: Jul-Sep | Q45: Oct-Dec | R45: Jan-Mar | S45: Apr-Jun | T45: Jul-Sep | U45: Oct-Dec | V45: Jan-Mar | W45: Apr-Jun | X45: Jul-Sep | Y45: Oct-Dec | Z45: Jan-Mar | AA45: Apr-Jun | AB45: Jul-Sep | AC45: Oct-Dec | AD45: Jan-Mar | AE45: Apr-Jun | AF45: Jul-Sep | AG45: Oct-Dec | AH45: Jan-Mar | AI45: Apr-Jun | AJ45: Jul-Sep | AK45: Oct-Dec | AL45: Jan-Mar
A46: Other (categories and values) | C46: Q1 2023/24 | D46: Q2 2023/24 | E46: Q3 2023/24 | F46: Q4 2023/24 | G46: Q1 2024/25 | H46: Q2 2024/25 | I46: Q3 2024/25 | J46: Q4 2024/25 | K46: Q1 2025/26 | L46: Q2 2025/26 | M46: Q3 2025/26 | N46: Q4 2025/26 | O46: Q1 2026/27 | P46: Q2 2026/27 | Q46: Q3 2026/27 | R46: Q4 2026/27 | S46: Q1 2027/28 | T46: Q2 2027/28 | U46: Q3 2027/28 | V46: Q4 2027/28 | W46: Q1 2028/29 | X46: Q2 2028/29 | Y46: Q3 2028/29 | Z46: Q4 2028/29 | AA46: Q1 2029/30 | AB46: Q2 2029/30 | AC46: Q3 2029/30 | AD46: Q4 2029/30 | AE46: Q1 2030/31 | AF46: Q2 2030/31 | AG46: Q3 2030/31 | AH46: Q4 2030/31 | AI46: Q1 2031/32 | AJ46: Q2 2031/32 | AK46: Q3 2031/32 | AL46: Q4 2031/32
A53: REFLECTIONS AND CAVEATS
A54: Please use the free text field opposite to detail any challenges experienced in completing the above, and where additional clarification or amendments may be needed/helpful.
A56: Check type of harm matches number of inquiries without the use of investigatory powers | C56: =AND(EXACT(C19,'2-3 INQUIRIES'!C7)) -> FALSE | D56: =AND(EXACT(D19,'2-3 INQUIRIES'!D7)) -> FALSE | E56: =AND(EXACT(E19,'2-3 INQUIRIES'!E7)) -> FALSE | F56: =AND(EXACT(F19,'2-3 INQUIRIES'!F7)) -> FALSE | G56: =AND(EXACT(G19,'2-3 INQUIRIES'!G7)) -> FALSE | H56: =AND(EXACT(H19,'2-3 INQUIRIES'!H7)) -> FALSE | I56: =AND(EXACT(I19,'2-3 INQUIRIES'!I7)) -> FALSE | J56: =AND(EXACT(J19,'2-3 INQUIRIES'!J7)) -> FALSE | ... AL56: =AND(EXACT(AL19,'2-3 INQUIRIES'!AL7)) -> FALSE
A57: Check type of harm matches number of inquiries with the use of investigatory powers | C57: =AND(EXACT(C35,'2-3 INQUIRIES'!C11)) -> FALSE | D57: =AND(EXACT(D35,'2-3 INQUIRIES'!D11)) -> FALSE | E57: =AND(EXACT(E35,'2-3 INQUIRIES'!E11)) -> FALSE | F57: =AND(EXACT(F35,'2-3 INQUIRIES'!F11)) -> FALSE | G57: =AND(EXACT(G35,'2-3 INQUIRIES'!G11)) -> FALSE | H57: =AND(EXACT(H35,'2-3 INQUIRIES'!H11)) -> FALSE | I57: =AND(EXACT(I35,'2-3 INQUIRIES'!I11)) -> FALSE | J57: =AND(EXACT(J35,'2-3 INQUIRIES'!J11)) -> FALSE | ... AL57: =AND(EXACT(AL35,'2-3 INQUIRIES'!AL11)) -> FALSE
A59: SUGGESTED PRESENTATION
A64: NOTES ON COMPLETION
A65: =(A1&" - "&A2) -> Indicator 15a - Indicator 15b | C65: Primary type of harm only. To be captured for all inquiries where investigory powers are not used, those where they are used, and for all those with ASPPs in place.
A67: DEFINITIONS
A68: Physical harm | C68: Can include hitting, slapping, pushing, kicking, misuse of medication, restraint or inappropriate sanctions.
A69: Sexual harm | C69: Can include rape and sexual assault or sexual acts to which the adult at risk has not consented, could not consent or was pressured into consenting.
A70: Psychological/emotional harm | C70: Can include emotional abuse, threats of harm or abandonment, deprivation of contact, humiliation, blaming, controlling, intimidation, coercion, harassment, verbal abuse, isolation or withdrawal from services or supportive networks
A71: Financial or Material harm | C71: Can include theft, fraud, exploitation, pressure in connection with wills, property, inheritance, financial transactions, or the misuse or misappropriation of property, possessions or benefits.
A72: Neglect and Acts of Omission | C72: Can include ignoring medical or physical care needs, failure to provide access to appropriate health, social care or educational services, the withholding of the necessities of life, such as medication, adequate nutrition or heating.
A73: Discriminatory harm | C73: Includes actions (or omissions) and / or remarks of a prejudicial nature focusing on a person’s age, gender, disability, race, colour, sexual or religious orientation.
A74: Self Harm | C74: When an individual, knowingly or unknowingly, behaves in a way that directly or indirectly, causes serious harm to their physical, psychological or social well-being. Self-harm is complex and can vary widely from individual to individual. It can serve a variety of functions including but not limited to, a way of coping with distress or trauma, a way to regulate emotions, communicate feelings, gain control, as a form of self-punishment or as a way to feel present and alive Self-Harm may manifest in various forms such as self-injury (eg. cutting or burning oneself), self-poisoning (such as taking an overdose of drugs, medication or other substances), but it can also include other health harming behaviours such as having an eating disorder, problematic use of alcohol, drugs, or gambling, or simply not looking after their emotional or physical needs.
A75: Self neglect (excluding hoarding behaviour) | C75: The inability (intentional or non-intentional) to maintain a socially and culturally accepted standard of self-care with the potential for serious consequences to the health and well-being of the self-neglecter and perhaps even to their community. (Gibbons et al., 2006) Self-neglect can include: - Lack of self-care to an extent that it threatens personal health and safety - Neglecting to care for one’s personal hygiene, health or surroundings - Inability to avoid harm as a result of self-neglect - Failure to seek help or access services to meet health and social care needs - Inability or unwillingness to manage one’s personal affairs
A76: Domestic abuse | C76: Domestic abuse can be any form of physical, verbal, sexual, psychological or financial abuse which takes place within the context of a relationship. The relationship may be between partners (married, cohabiting, civil partnership or otherwise) or ex-partners. The abuse may be committed in the home or elsewhere including online. Examples of domestic abuse include: - Being threatened or name calling - Controlling what you do, where you go and who you speak to - Threatening your children - Not being allowed see friends and family - Sharing - or threatening to share - intimate images of you with family, friends or work colleagues - Being hit, kicked, punched, or have objects thrown at you - Rape, being forced into sexual acts.
A77: Human trafficking and/or Exploitation (for further information please click on the cell) | C77: Human trafficking and exploitation are complex and hidden crimes and involve perpetrators treating people as commodities and exploiting them for their personal profit or gain. Victims can sometimes appear to be criminals themselves. The many purposes for which people are exploited - including commercial sexual exploitation, labour exploitation, criminal exploitation (for example benefit fraud and forced drugs cultivation and cuckooing), domestic servitude or compulsory labour, sham marriages and organ trafficking – are continually evolving. Victims can sometimes appear to be criminals themselves when forced into criminal exploitation. Human trafficking involves the recruitment, transportation or transfer, harbouring or receiving or exchange or transfer of control of another person for the purposes of exploiting them. It is irrelevant if the victim ‘consented’ to any part of the action, neither does it require the victim to have been moved for this to be considered an offence. People can be trafficked within Scotland and the UK as well as across international borders. This might include: Criminal Exploitation This is when an adult is coerced, controlled or manipulated into involvement in criminal activity for the financial or other advantage of the exploiter. It can involve force, threats or deception, taking advantage of a power imbalance. These activities can include and combine (and are not an exhaustive list): - cuckooing, i.e. taking over the home/property of a vulnerable person in order to establish a base for illegal drug dealing - county lines drug networks and cannabis cultivation - pick pocketing and forced shoplifting - financial abuse and benefit fraud - forced begging and busking
C78: Labour exploitation This is when a person is forced to work for little or no pay, or has access to their wages controlled or limited by another party. It can involve threats, intimidation and violence in order to force the person to work long hours in poor conditions. The person may also be forced to work without appropriate equipment in potentially dangerous situations. It is also important to recognise that labour exploitation can occur within legitimate business, with wages and/or bank accounts controlled by a perpetrator. Common industries prone to labour exploitation are car washes, nail bars, construction, seafood/fishing, delivery drivers, and hospitality but it can also occur in private homes including activities such as painting and decorating, window cleaning, gardening and other domestic duties (domestic servitude). Sexual exploitation Sexual exploitation is the sexual abuse of an adult in exchange for attention, affection, food, drugs, shelter, protection, other basic necessities and/or money, and could be part of a seemingly consensual relationship. It involves someone taking advantage of an adult, sexually, for their own benefit and could be carried out by threats, bribes, deceit and violence. It doesn’t have to be physical contact, it can also occur online. Adults can be sexually exploited in many ways. Examples include: - Grooming - Rape and sexual assault - Being trafficked into, or around the UK for the purpose of commercial sexual exploitation (e.g. prostitution, lap dancing, stripping, pornography) - Sextortion, i.e. when a person being forced into paying money or meeting another financial demand after an offender has threatened to release nude or semi-nude photos of the person Organ harvesting Organ harvesting involves the removal of one or more organs from a person by means of coercion, abduction, deception, fraud, or abuse of power.
A79: Hoarding behaviour | C79: Hoarding Disorder (HD) is mental health condition characterised by excessive acquisition and difficulty discarding due to a perceived need to save items regardless of use or value, with distress and impairment caused by living spaces so severely cluttered that they cannot be used for important daily living functions - such as sleeping, food preparation and washing or bathing. [Poor self-care is sometimes associated with HD, but more often with Diogenes syndrome aka self-neglect than HD.] Problematic levels of clutter are not always the result of HD, and can be due to chronic disorganisation (CD) and cognitive and emotional differences common to people with trauma, Autism Spectrum Disorder, ADHD, traumatic brain injury or hydrocephalus. Discomfort with change, sensory sensitivities and difficulties with emotional regulation can make decision-making and the physical process of sorting, cleaning or discarding overwhelming. CD, unlike HD, is not a mental health disorder. In ASP practitioners should consider all hoarding behaviour, irrespective of its etiology as representing 'mental infirmity' under the ASPA. It would be the level of risk that would determine if a person might proceed under ASP- not whether a person would receive a HD diagnosis or not if assessed. Presently, a clinical diagnosis is very rare.
A81: DATE REPORTED
A82: =(A1&" - "&A2) -> Indicator 15a - Indicator 15b | C82: Cumulative number by end of quarter (eg January to March 2023)
A84: RATIONALE
A85: =(A1&" - "&A2) -> Indicator 15a - Indicator 15b | C85: Tells us about the most vulnerable adults in the system - who they are and what types of harm they face and where. Total identifies number of individuals being referred to and processed by the system.

Sheet 16 LOCATION OF HARM
A1: Indicator 16a | C1: LOCATION OF HARM (FOR INQUIRIES CONCLUDED WITHOUT THE USE OF INVESTIGATORY POWERS)
A2: Indicator 16b | C2: LOCATION OF HARM (FOR INQUIRIES USING INVESTIGATORY POWERS)
A4: LOCAL DATA
A5: =A1 -> Indicator 16a | C5: Apr-Jun | D5: Jul-Sep | E5: Oct-Dec | F5: Jan-Mar | G5: Apr-Jun | H5: Jul-Sep | I5: Oct-Dec | J5: Jan-Mar | K5: Apr-Jun | L5: Jul-Sep | M5: Oct-Dec | N5: Jan-Mar | O5: Apr-Jun | P5: Jul-Sep | Q5: Oct-Dec | R5: Jan-Mar | S5: Apr-Jun | T5: Jul-Sep | U5: Oct-Dec | V5: Jan-Mar | W5: Apr-Jun | X5: Jul-Sep | Y5: Oct-Dec | Z5: Jan-Mar | AA5: Apr-Jun | AB5: Jul-Sep | AC5: Oct-Dec | AD5: Jan-Mar | AE5: Apr-Jun | AF5: Jul-Sep | AG5: Oct-Dec | AH5: Jan-Mar | AI5: Apr-Jun | AJ5: Jul-Sep | AK5: Oct-Dec | AL5: Jan-Mar
C6: Q1 2023/24 | D6: Q2 2023/24 | E6: Q3 2023/24 | F6: Q4 2023/24 | G6: Q1 2024/25 | H6: Q2 2024/25 | I6: Q3 2024/25 | J6: Q4 2024/25 | K6: Q1 2025/26 | L6: Q2 2025/26 | M6: Q3 2025/26 | N6: Q4 2025/26 | O6: Q1 2026/27 | P6: Q2 2026/27 | Q6: Q3 2026/27 | R6: Q4 2026/27 | S6: Q1 2027/28 | T6: Q2 2027/28 | U6: Q3 2027/28 | V6: Q4 2027/28 | W6: Q1 2028/29 | X6: Q2 2028/29 | Y6: Q3 2028/29 | Z6: Q4 2028/29 | AA6: Q1 2029/30 | AB6: Q2 2029/30 | AC6: Q3 2029/30 | AD6: Q4 2029/30 | AE6: Q1 2030/31 | AF6: Q2 2030/31 | AG6: Q3 2030/31 | AH6: Q4 2030/31 | AI6: Q1 2031/32 | AJ6: Q2 2031/32 | AK6: Q3 2031/32 | AL6: Q4 2031/32
A7: Own home
A8: Other private address
A9: Care Home
A10: Sheltered housing/other supported accommodation
A11: Day Centre
A12: Public place
A13: NHS facility
A14: Independent hospital
A15: Online
A16: Other (please specify below)
A17: Not known
A18: Total | C18: =SUM(C7:C17) -> 0 | D18: =SUM(D7:D17) -> 0 | E18: =SUM(E7:E17) -> 0 | F18: =SUM(F7:F17) -> 0 | G18: =SUM(G7:G17) -> 0 | H18: =SUM(H7:H17) -> 0 | I18: =SUM(I7:I17) -> 0 | J18: =SUM(J7:J17) -> 0 | ... AH18: =SUM(AH7:AH17) -> 0
A20: =A2 -> Indicator 16b | C20: Apr-Jun | D20: Jul-Sep | E20: Oct-Dec | F20: Jan-Mar | G20: Apr-Jun | H20: Jul-Sep | I20: Oct-Dec | J20: Jan-Mar | K20: Apr-Jun | L20: Jul-Sep | M20: Oct-Dec | N20: Jan-Mar | O20: Apr-Jun | P20: Jul-Sep | Q20: Oct-Dec | R20: Jan-Mar | S20: Apr-Jun | T20: Jul-Sep | U20: Oct-Dec | V20: Jan-Mar | W20: Apr-Jun | X20: Jul-Sep | Y20: Oct-Dec | Z20: Jan-Mar | AA20: Apr-Jun | AB20: Jul-Sep | AC20: Oct-Dec | AD20: Jan-Mar | AE20: Apr-Jun | AF20: Jul-Sep | AG20: Oct-Dec | AH20: Jan-Mar | AI20: Apr-Jun | AJ20: Jul-Sep | AK20: Oct-Dec | AL20: Jan-Mar
C21: Q1 2023/24 | D21: Q2 2023/24 | E21: Q3 2023/24 | F21: Q4 2023/24 | G21: Q1 2024/25 | H21: Q2 2024/25 | I21: Q3 2024/25 | J21: Q4 2024/25 | K21: Q1 2025/26 | L21: Q2 2025/26 | M21: Q3 2025/26 | N21: Q4 2025/26 | O21: Q1 2026/27 | P21: Q2 2026/27 | Q21: Q3 2026/27 | R21: Q4 2026/27 | S21: Q1 2027/28 | T21: Q2 2027/28 | U21: Q3 2027/28 | V21: Q4 2027/28 | W21: Q1 2028/29 | X21: Q2 2028/29 | Y21: Q3 2028/29 | Z21: Q4 2028/29 | AA21: Q1 2029/30 | AB21: Q2 2029/30 | AC21: Q3 2029/30 | AD21: Q4 2029/30 | AE21: Q1 2030/31 | AF21: Q2 2030/31 | AG21: Q3 2030/31 | AH21: Q4 2030/31 | AI21: Q1 2031/32 | AJ21: Q2 2031/32 | AK21: Q3 2031/32 | AL21: Q4 2031/32
A22: Own home
A23: Other private address
A24: Care Home
A25: Sheltered housing/other supported accommodation
A26: Day Centre
A27: Public place
A28: NHS facility
A29: Independent hospital
A30: Online
A31: Other (please specify below)
A32: Not known
A33: Total | C33: =SUM(C22:C32) -> 0 | D33: =SUM(D22:D32) -> 0 | E33: =SUM(E22:E32) -> 0 | F33: =SUM(F22:F32) -> 0 | G33: =SUM(G22:G32) -> 0 | H33: =SUM(H22:H32) -> 0 | I33: =SUM(I22:I32) -> 0 | J33: =SUM(J22:J32) -> 0 | ... AH33: =SUM(AH22:AH32) -> 0
A35: OPTIONAL FURTHER DATA | C35: If possible, please use the fields below to provide a breakdown of the locations combined within the 'Other' category above.
A36: =(A1) -> Indicator 16a | C36: Apr-Jun | D36: Jul-Sep | E36: Oct-Dec | F36: Jan-Mar | G36: Apr-Jun | H36: Jul-Sep | I36: Oct-Dec | J36: Jan-Mar | K36: Apr-Jun | L36: Jul-Sep | M36: Oct-Dec | N36: Jan-Mar | O36: Apr-Jun | P36: Jul-Sep | Q36: Oct-Dec | R36: Jan-Mar | S36: Apr-Jun | T36: Jul-Sep | U36: Oct-Dec | V36: Jan-Mar | W36: Apr-Jun | X36: Jul-Sep | Y36: Oct-Dec | Z36: Jan-Mar | AA36: Apr-Jun | AB36: Jul-Sep | AC36: Oct-Dec | AD36: Jan-Mar | AE36: Apr-Jun | AF36: Jul-Sep | AG36: Oct-Dec | AH36: Jan-Mar | AI36: Apr-Jun | AJ36: Jul-Sep | AK36: Oct-Dec | AL36: Jan-Mar
A37: Other (categories and values) | C37: Q1 2023/24 | D37: Q2 2023/24 | E37: Q3 2023/24 | F37: Q4 2023/24 | G37: Q1 2024/25 | H37: Q2 2024/25 | I37: Q3 2024/25 | J37: Q4 2024/25 | K37: Q1 2025/26 | L37: Q2 2025/26 | M37: Q3 2025/26 | N37: Q4 2025/26 | O37: Q1 2026/27 | P37: Q2 2026/27 | Q37: Q3 2026/27 | R37: Q4 2026/27 | S37: Q1 2027/28 | T37: Q2 2027/28 | U37: Q3 2027/28 | V37: Q4 2027/28 | W37: Q1 2028/29 | X37: Q2 2028/29 | Y37: Q3 2028/29 | Z37: Q4 2028/29 | AA37: Q1 2029/30 | AB37: Q2 2029/30 | AC37: Q3 2029/30 | AD37: Q4 2029/30 | AE37: Q1 2030/31 | AF37: Q2 2030/31 | AG37: Q3 2030/31 | AH37: Q4 2030/31 | AI37: Q1 2031/32 | AJ37: Q2 2031/32 | AK37: Q3 2031/32 | AL37: Q4 2031/32
A43: =A2 -> Indicator 16b | C43: Apr-Jun | D43: Jul-Sep | E43: Oct-Dec | F43: Jan-Mar | G43: Apr-Jun | H43: Jul-Sep | I43: Oct-Dec | J43: Jan-Mar | K43: Apr-Jun | L43: Jul-Sep | M43: Oct-Dec | N43: Jan-Mar | O43: Apr-Jun | P43: Jul-Sep | Q43: Oct-Dec | R43: Jan-Mar | S43: Apr-Jun | T43: Jul-Sep | U43: Oct-Dec | V43: Jan-Mar | W43: Apr-Jun | X43: Jul-Sep | Y43: Oct-Dec | Z43: Jan-Mar | AA43: Apr-Jun | AB43: Jul-Sep | AC43: Oct-Dec | AD43: Jan-Mar | AE43: Apr-Jun | AF43: Jul-Sep | AG43: Oct-Dec | AH43: Jan-Mar | AI43: Apr-Jun | AJ43: Jul-Sep | AK43: Oct-Dec | AL43: Jan-Mar
A44: Other (categories and values) | C44: Q1 2023/24 | D44: Q2 2023/24 | E44: Q3 2023/24 | F44: Q4 2023/24 | G44: Q1 2024/25 | H44: Q2 2024/25 | I44: Q3 2024/25 | J44: Q4 2024/25 | K44: Q1 2025/26 | L44: Q2 2025/26 | M44: Q3 2025/26 | N44: Q4 2025/26 | O44: Q1 2026/27 | P44: Q2 2026/27 | Q44: Q3 2026/27 | R44: Q4 2026/27 | S44: Q1 2027/28 | T44: Q2 2027/28 | U44: Q3 2027/28 | V44: Q4 2027/28 | W44: Q1 2028/29 | X44: Q2 2028/29 | Y44: Q3 2028/29 | Z44: Q4 2028/29 | AA44: Q1 2029/30 | AB44: Q2 2029/30 | AC44: Q3 2029/30 | AD44: Q4 2029/30 | AE44: Q1 2030/31 | AF44: Q2 2030/31 | AG44: Q3 2030/31 | AH44: Q4 2030/31 | AI44: Q1 2031/32 | AJ44: Q2 2031/32 | AK44: Q3 2031/32 | AL44: Q4 2031/32
A51: REFLECTIONS AND CAVEATS
A52: Please use the free text field opposite to detail any challenges experienced in completing the above, and where additional clarification or amendments may be needed/helpful.
A54: Check type of harm matches number of inquiries without the use of investigatory powers | C54: =AND(EXACT(C18,'2-3 INQUIRIES'!C7)) -> FALSE | D54: =AND(EXACT(D18,'2-3 INQUIRIES'!D7)) -> FALSE | E54: =AND(EXACT(E18,'2-3 INQUIRIES'!E7)) -> FALSE | F54: =AND(EXACT(F18,'2-3 INQUIRIES'!F7)) -> FALSE | G54: =AND(EXACT(G18,'2-3 INQUIRIES'!G7)) -> FALSE | H54: =AND(EXACT(H18,'2-3 INQUIRIES'!H7)) -> FALSE | I54: =AND(EXACT(I18,'2-3 INQUIRIES'!I7)) -> FALSE | J54: =AND(EXACT(J18,'2-3 INQUIRIES'!J7)) -> FALSE | ... AL54: =AND(EXACT(AL18,'2-3 INQUIRIES'!AL7)) -> TRUE
A55: Check type of harm matches number of inquiries with the use of investigatory powers | C55: =AND(EXACT(C33,'2-3 INQUIRIES'!C11)) -> FALSE | D55: =AND(EXACT(D33,'2-3 INQUIRIES'!D11)) -> FALSE | E55: =AND(EXACT(E33,'2-3 INQUIRIES'!E11)) -> FALSE | F55: =AND(EXACT(F33,'2-3 INQUIRIES'!F11)) -> FALSE | G55: =AND(EXACT(G33,'2-3 INQUIRIES'!G11)) -> FALSE | H55: =AND(EXACT(H33,'2-3 INQUIRIES'!H11)) -> FALSE | I55: =AND(EXACT(I33,'2-3 INQUIRIES'!I11)) -> FALSE | J55: =AND(EXACT(J33,'2-3 INQUIRIES'!J11)) -> FALSE | ... AL55: =AND(EXACT(AL33,'2-3 INQUIRIES'!AL11)) -> TRUE
A57: SUGGESTED PRESENTATION
A60: NOTES ON COMPLETION
A61: =(A1&" - "&A2) -> Indicator 16a - Indicator 16b | C61: Primary location of harm only. To be captured for all inquiries where investigory powers are not used, those where they are used, and for all those with ASPPs in place.
A63: DEFINITIONS
A66: DATE REPORTED
A67: =(A1&" - "&A2) -> Indicator 16a - Indicator 16b | C67: Cumulative number by end of quarter (eg January to March 2023)
A69: RATIONALE
A70: =(A1&" - "&A2) -> Indicator 16a - Indicator 16b | C70: Tells us about the most vulnerable adults in the system - who they are and what types of harm they face and where. Total identifies number of individuals being referred to and processed by the system.

Sheet 17 CLIENT GROUP
A1: Indicator 17a | C1: PRIMARY CLIENT GROUP (FOR INQUIRIES CONCLUDED WITHOUT THE USE OF INVESTIGATORY POWERS)
A2: Indicator 17b | C2: PRIMARY CLIENT GROUP (FOR INQUIRIES USING INVESTIGATORY POWERS)
A4: LOCAL DATA
A5: =A1 -> Indicator 17a | C5: Apr-Jun | D5: Jul-Sep | E5: Oct-Dec | F5: Jan-Mar | G5: Apr-Jun | H5: Jul-Sep | I5: Oct-Dec | J5: Jan-Mar | K5: Apr-Jun | L5: Jul-Sep | M5: Oct-Dec | N5: Jan-Mar | O5: Apr-Jun | P5: Jul-Sep | Q5: Oct-Dec | R5: Jan-Mar | S5: Apr-Jun | T5: Jul-Sep | U5: Oct-Dec | V5: Jan-Mar | W5: Apr-Jun | X5: Jul-Sep | Y5: Oct-Dec | Z5: Jan-Mar | AA5: Apr-Jun | AB5: Jul-Sep | AC5: Oct-Dec | AD5: Jan-Mar | AE5: Apr-Jun | AF5: Jul-Sep | AG5: Oct-Dec | AH5: Jan-Mar | AI5: Apr-Jun | AJ5: Jul-Sep | AK5: Oct-Dec | AL5: Jan-Mar
C6: Q1 2023/24 | D6: Q2 2023/24 | E6: Q3 2023/24 | F6: Q4 2023/24 | G6: Q1 2024/25 | H6: Q2 2024/25 | I6: Q3 2024/25 | J6: Q4 2024/25 | K6: Q1 2025/26 | L6: Q2 2025/26 | M6: Q3 2025/26 | N6: Q4 2025/26 | O6: Q1 2026/27 | P6: Q2 2026/27 | Q6: Q3 2026/27 | R6: Q4 2026/27 | S6: Q1 2027/28 | T6: Q2 2027/28 | U6: Q3 2027/28 | V6: Q4 2027/28 | W6: Q1 2028/29 | X6: Q2 2028/29 | Y6: Q3 2028/29 | Z6: Q4 2028/29 | AA6: Q1 2029/30 | AB6: Q2 2029/30 | AC6: Q3 2029/30 | AD6: Q4 2029/30 | AE6: Q1 2030/31 | AF6: Q2 2030/31 | AG6: Q3 2030/31 | AH6: Q4 2030/31 | AI6: Q1 2031/32 | AJ6: Q2 2031/32 | AK6: Q3 2031/32 | AL6: Q4 2031/32
A7: Dementia
A8: Mental Health (excl. dementia)
A9: Learning Disability
A10: Autism / Autism spectrum
A11: Physical Disability
A12: Infirmity/frailty due to age
A13: Palliative care
A14: Acquired brain injury
A15: Alcohol-related brain damage
A16: Substance misuse/addiction
A17: Other (please specify below)
A18: Total | C18: =SUM(C7:C17) -> 0 | D18: =SUM(D7:D17) -> 0 | E18: =SUM(E7:E17) -> 0 | F18: =SUM(F7:F17) -> 0 | G18: =SUM(G7:G17) -> 0 | H18: =SUM(H7:H17) -> 0 | I18: =SUM(I7:I17) -> 0 | J18: =SUM(J7:J17) -> 0 | ... AH18: =SUM(AH7:AH17) -> 0
A20: =A2 -> Indicator 17b | C20: Apr-Jun | D20: Jul-Sep | E20: Oct-Dec | F20: Jan-Mar | G20: Apr-Jun | H20: Jul-Sep | I20: Oct-Dec | J20: Jan-Mar | K20: Apr-Jun | L20: Jul-Sep | M20: Oct-Dec | N20: Jan-Mar | O20: Apr-Jun | P20: Jul-Sep | Q20: Oct-Dec | R20: Jan-Mar | S20: Apr-Jun | T20: Jul-Sep | U20: Oct-Dec | V20: Jan-Mar | W20: Apr-Jun | X20: Jul-Sep | Y20: Oct-Dec | Z20: Jan-Mar | AA20: Apr-Jun | AB20: Jul-Sep | AC20: Oct-Dec | AD20: Jan-Mar | AE20: Apr-Jun | AF20: Jul-Sep | AG20: Oct-Dec | AH20: Jan-Mar | AI20: Apr-Jun | AJ20: Jul-Sep | AK20: Oct-Dec | AL20: Jan-Mar
C21: Q1 2023/24 | D21: Q2 2023/24 | E21: Q3 2023/24 | F21: Q4 2023/24 | G21: Q1 2024/25 | H21: Q2 2024/25 | I21: Q3 2024/25 | J21: Q4 2024/25 | K21: Q1 2025/26 | L21: Q2 2025/26 | M21: Q3 2025/26 | N21: Q4 2025/26 | O21: Q1 2026/27 | P21: Q2 2026/27 | Q21: Q3 2026/27 | R21: Q4 2026/27 | S21: Q1 2027/28 | T21: Q2 2027/28 | U21: Q3 2027/28 | V21: Q4 2027/28 | W21: Q1 2028/29 | X21: Q2 2028/29 | Y21: Q3 2028/29 | Z21: Q4 2028/29 | AA21: Q1 2029/30 | AB21: Q2 2029/30 | AC21: Q3 2029/30 | AD21: Q4 2029/30 | AE21: Q1 2030/31 | AF21: Q2 2030/31 | AG21: Q3 2030/31 | AH21: Q4 2030/31 | AI21: Q1 2031/32 | AJ21: Q2 2031/32 | AK21: Q3 2031/32 | AL21: Q4 2031/32
A22: Dementia
A23: Mental Health (excl. dementia)
A24: Learning Disability
A25: Autism/ Autism spectrum
A26: Physical Disability
A27: Infirmity/frailty due to age
A28: Palliative care
A29: Acquired brain injury
A30: Alcohol-related brain damage
A31: Substance misuse/addiction
A32: Other (please specify below)
A33: Total | C33: =SUM(C22:C32) -> 0 | D33: =SUM(D22:D32) -> 0 | E33: =SUM(E22:E32) -> 0 | F33: =SUM(F22:F32) -> 0 | G33: =SUM(G22:G32) -> 0 | H33: =SUM(H22:H32) -> 0 | I33: =SUM(I22:I32) -> 0 | J33: =SUM(J22:J32) -> 0 | ... AH33: =SUM(AH22:AH32) -> 0
A35: OPTIONAL FURTHER DATA | C35: If possible, please use the fields below to provide a breakdown of the client groups combined within the 'Other' category above.
A36: =(A1) -> Indicator 17a | C36: Apr-Jun | D36: Jul-Sep | E36: Oct-Dec | F36: Jan-Mar | G36: Apr-Jun | H36: Jul-Sep | I36: Oct-Dec | J36: Jan-Mar | K36: Apr-Jun | L36: Jul-Sep | M36: Oct-Dec | N36: Jan-Mar | O36: Apr-Jun | P36: Jul-Sep | Q36: Oct-Dec | R36: Jan-Mar | S36: Apr-Jun | T36: Jul-Sep | U36: Oct-Dec | V36: Jan-Mar | W36: Apr-Jun | X36: Jul-Sep | Y36: Oct-Dec | Z36: Jan-Mar | AA36: Apr-Jun | AB36: Jul-Sep | AC36: Oct-Dec | AD36: Jan-Mar | AE36: Apr-Jun | AF36: Jul-Sep | AG36: Oct-Dec | AH36: Jan-Mar | AI36: Apr-Jun | AJ36: Jul-Sep | AK36: Oct-Dec | AL36: Jan-Mar
A37: Other (categories and values) | C37: Q1 2023/24 | D37: Q2 2023/24 | E37: Q3 2023/24 | F37: Q4 2023/24 | G37: Q1 2024/25 | H37: Q2 2024/25 | I37: Q3 2024/25 | J37: Q4 2024/25 | K37: Q1 2025/26 | L37: Q2 2025/26 | M37: Q3 2025/26 | N37: Q4 2025/26 | O37: Q1 2026/27 | P37: Q2 2026/27 | Q37: Q3 2026/27 | R37: Q4 2026/27 | S37: Q1 2027/28 | T37: Q2 2027/28 | U37: Q3 2027/28 | V37: Q4 2027/28 | W37: Q1 2028/29 | X37: Q2 2028/29 | Y37: Q3 2028/29 | Z37: Q4 2028/29 | AA37: Q1 2029/30 | AB37: Q2 2029/30 | AC37: Q3 2029/30 | AD37: Q4 2029/30 | AE37: Q1 2030/31 | AF37: Q2 2030/31 | AG37: Q3 2030/31 | AH37: Q4 2030/31 | AI37: Q1 2031/32 | AJ37: Q2 2031/32 | AK37: Q3 2031/32 | AL37: Q4 2031/32
A43: =A2 -> Indicator 17b | C43: Apr-Jun | D43: Jul-Sep | E43: Oct-Dec | F43: Jan-Mar | G43: Apr-Jun | H43: Jul-Sep | I43: Oct-Dec | J43: Jan-Mar | K43: Apr-Jun | L43: Jul-Sep | M43: Oct-Dec | N43: Jan-Mar | O43: Apr-Jun | P43: Jul-Sep | Q43: Oct-Dec | R43: Jan-Mar | S43: Apr-Jun | T43: Jul-Sep | U43: Oct-Dec | V43: Jan-Mar | W43: Apr-Jun | X43: Jul-Sep | Y43: Oct-Dec | Z43: Jan-Mar | AA43: Apr-Jun | AB43: Jul-Sep | AC43: Oct-Dec | AD43: Jan-Mar | AE43: Apr-Jun | AF43: Jul-Sep | AG43: Oct-Dec | AH43: Jan-Mar | AI43: Apr-Jun | AJ43: Jul-Sep | AK43: Oct-Dec | AL43: Jan-Mar
A44: Other (categories and values) | C44: Q1 2023/24 | D44: Q2 2023/24 | E44: Q3 2023/24 | F44: Q4 2023/24 | G44: Q1 2024/25 | H44: Q2 2024/25 | I44: Q3 2024/25 | J44: Q4 2024/25 | K44: Q1 2025/26 | L44: Q2 2025/26 | M44: Q3 2025/26 | N44: Q4 2025/26 | O44: Q1 2026/27 | P44: Q2 2026/27 | Q44: Q3 2026/27 | R44: Q4 2026/27 | S44: Q1 2027/28 | T44: Q2 2027/28 | U44: Q3 2027/28 | V44: Q4 2027/28 | W44: Q1 2028/29 | X44: Q2 2028/29 | Y44: Q3 2028/29 | Z44: Q4 2028/29 | AA44: Q1 2029/30 | AB44: Q2 2029/30 | AC44: Q3 2029/30 | AD44: Q4 2029/30 | AE44: Q1 2030/31 | AF44: Q2 2030/31 | AG44: Q3 2030/31 | AH44: Q4 2030/31 | AI44: Q1 2031/32 | AJ44: Q2 2031/32 | AK44: Q3 2031/32 | AL44: Q4 2031/32
A51: REFLECTIONS AND CAVEATS
A52: Please use the free text field opposite to detail any challenges experienced in completing the above, and where additional clarification or amendments may be needed/helpful.
A54: Check type of harm matches number of inquiries without the use of investigatory powers | C54: =AND(EXACT(C18,'2-3 INQUIRIES'!C7)) -> FALSE | D54: =AND(EXACT(D18,'2-3 INQUIRIES'!D7)) -> FALSE | E54: =AND(EXACT(E18,'2-3 INQUIRIES'!E7)) -> FALSE | F54: =AND(EXACT(F18,'2-3 INQUIRIES'!F7)) -> FALSE | G54: =AND(EXACT(G18,'2-3 INQUIRIES'!G7)) -> FALSE | H54: =AND(EXACT(H18,'2-3 INQUIRIES'!H7)) -> FALSE | I54: =AND(EXACT(I18,'2-3 INQUIRIES'!I7)) -> FALSE | J54: =AND(EXACT(J18,'2-3 INQUIRIES'!J7)) -> FALSE | ... AL54: =AND(EXACT(AL18,'2-3 INQUIRIES'!AL7)) -> TRUE
A55: Check type of harm matches number of inquiries with the use of investigatory powers | C55: =AND(EXACT(C33,'2-3 INQUIRIES'!C11)) -> FALSE | D55: =AND(EXACT(D33,'2-3 INQUIRIES'!D11)) -> FALSE | E55: =AND(EXACT(E33,'2-3 INQUIRIES'!E11)) -> FALSE | F55: =AND(EXACT(F33,'2-3 INQUIRIES'!F11)) -> FALSE | G55: =AND(EXACT(G33,'2-3 INQUIRIES'!G11)) -> FALSE | H55: =AND(EXACT(H33,'2-3 INQUIRIES'!H11)) -> FALSE | I55: =AND(EXACT(I33,'2-3 INQUIRIES'!I11)) -> FALSE | J55: =AND(EXACT(J33,'2-3 INQUIRIES'!J11)) -> FALSE | ... AL55: =AND(EXACT(AL33,'2-3 INQUIRIES'!AL11)) -> TRUE
A57: SUGGESTED PRESENTATION
A60: NOTES ON COMPLETION
A61: =(A1) -> Indicator 17a | C61: Primary client group only. To be captured for all inquiries where investigory powers are not used, those where they are used, and for all those with ASPPs in place.
A63: DEFINITIONS
A64: Palliative care | C64: Palliative care is for people with serious health conditions to relieve suffering and enable them to live as well as possible. There is a move away from talking about ‘end of life’ or ‘end of life care’ and a life expectancy approach. It is not possible to predict and make judgements with any validity on when a person will die (nor should this be the basis for planning or offering support). This guidance will be reviewed/refreshed as necessary following publication of Scottish Government’s incoming strategy on palliative care.
A67: DATE REPORTED
A68: =(A1) -> Indicator 17a | C68: Cumulative number by end of quarter (eg January to March 2023)
A70: RATIONALE
A71: =(A1) -> Indicator 17a | C71: Tells us about the most vulnerable adults in the system - who they are and what types of harm they face and where. Total identifies number of individuals being referred to and processed by the system.

Sheet 18 CARING RESPONSIBILITIES
A1: Indicator 18a | C1: NO. OF INQUIRIES USING INVESTIGATORY POWERS WHERE ADULT HAS CARING RESPONSIBILITIES
A2: Indicator 18b | C2: NO. OF INQUIRIES USING INVESTIGATORY POWERS WHERE CHILD WAS PRESENT AT INCIDENT
A4: LOCAL DATA
A5: =A1 -> Indicator 18a | C5: Apr-Jun | D5: Jul-Sep | E5: Oct-Dec | F5: Jan-Mar | G5: Apr-Jun | H5: Jul-Sep | I5: Oct-Dec | J5: Jan-Mar | K5: Apr-Jun | L5: Jul-Sep | M5: Oct-Dec | N5: Jan-Mar | O5: Apr-Jun | P5: Jul-Sep | Q5: Oct-Dec | R5: Jan-Mar | S5: Apr-Jun | T5: Jul-Sep | U5: Oct-Dec | V5: Jan-Mar | W5: Apr-Jun | X5: Jul-Sep | Y5: Oct-Dec | Z5: Jan-Mar | AA5: Apr-Jun | AB5: Jul-Sep | AC5: Oct-Dec | AD5: Jan-Mar | AE5: Apr-Jun | AF5: Jul-Sep | AG5: Oct-Dec | AH5: Jan-Mar | AI5: Apr-Jun | AJ5: Jul-Sep | AK5: Oct-Dec | AL5: Jan-Mar
C6: Q1 2023/24 | D6: Q2 2023/24 | E6: Q3 2023/24 | F6: Q4 2023/24 | G6: Q1 2024/25 | H6: Q2 2024/25 | I6: Q3 2024/25 | J6: Q4 2024/25 | K6: Q1 2025/26 | L6: Q2 2025/26 | M6: Q3 2025/26 | N6: Q4 2025/26 | O6: Q1 2026/27 | P6: Q2 2026/27 | Q6: Q3 2026/27 | R6: Q4 2026/27 | S6: Q1 2027/28 | T6: Q2 2027/28 | U6: Q3 2027/28 | V6: Q4 2027/28 | W6: Q1 2028/29 | X6: Q2 2028/29 | Y6: Q3 2028/29 | Z6: Q4 2028/29 | AA6: Q1 2029/30 | AB6: Q2 2029/30 | AC6: Q3 2029/30 | AD6: Q4 2029/30 | AE6: Q1 2030/31 | AF6: Q2 2030/31 | AG6: Q3 2030/31 | AH6: Q4 2030/31 | AI6: Q1 2031/32 | AJ6: Q2 2031/32 | AK6: Q3 2031/32 | AL6: Q4 2031/32
A7: Number of inquiries where adult at risk has child care responsibilities
A8: Number of inquiries where adult at risk has caring responsibilities for other adults
A10: =A2 -> Indicator 18b | C10: Apr-Jun | D10: Jul-Sep | E10: Oct-Dec | F10: Jan-Mar | G10: Apr-Jun | H10: Jul-Sep | I10: Oct-Dec | J10: Jan-Mar | K10: Apr-Jun | L10: Jul-Sep | M10: Oct-Dec | N10: Jan-Mar | O10: Apr-Jun | P10: Jul-Sep | Q10: Oct-Dec | R10: Jan-Mar | S10: Apr-Jun | T10: Jul-Sep | U10: Oct-Dec | V10: Jan-Mar | W10: Apr-Jun | X10: Jul-Sep | Y10: Oct-Dec | Z10: Jan-Mar | AA10: Apr-Jun | AB10: Jul-Sep | AC10: Oct-Dec | AD10: Jan-Mar | AE10: Apr-Jun | AF10: Jul-Sep | AG10: Oct-Dec | AH10: Jan-Mar | AI10: Apr-Jun | AJ10: Jul-Sep | AK10: Oct-Dec | AL10: Jan-Mar
C11: Q1 2023/24 | D11: Q2 2023/24 | E11: Q3 2023/24 | F11: Q4 2023/24 | G11: Q1 2024/25 | H11: Q2 2024/25 | I11: Q3 2024/25 | J11: Q4 2024/25 | K11: Q1 2025/26 | L11: Q2 2025/26 | M11: Q3 2025/26 | N11: Q4 2025/26 | O11: Q1 2026/27 | P11: Q2 2026/27 | Q11: Q3 2026/27 | R11: Q4 2026/27 | S11: Q1 2027/28 | T11: Q2 2027/28 | U11: Q3 2027/28 | V11: Q4 2027/28 | W11: Q1 2028/29 | X11: Q2 2028/29 | Y11: Q3 2028/29 | Z11: Q4 2028/29 | AA11: Q1 2029/30 | AB11: Q2 2029/30 | AC11: Q3 2029/30 | AD11: Q4 2029/30 | AE11: Q1 2030/31 | AF11: Q2 2030/31 | AG11: Q3 2030/31 | AH11: Q4 2030/31 | AI11: Q1 2031/32 | AJ11: Q2 2031/32 | AK11: Q3 2031/32 | AL11: Q4 2031/32
A12: Number of cases where a child was present at the incident
A14: REFLECTIONS AND CAVEATS
A15: Please use the free text field opposite to detail any challenges experienced in completing the above, and where additional clarification or amendments may be needed/helpful.
A17: SUGGESTED PRESENTATION
A22: NOTES ON COMPLETION
A23: =A1&" – "&A2 -> Indicator 18a – Indicator 18b | C23: TBC
A25: DEFINITIONS
A26: Adult has child care responsibilities | C26: A dependent child is any person aged 0 to 15 in a household (whether or not in a family) or a person aged 16 to 18 who’s in full-time education and living in a family with his or her parent(s) or grandparent(s). It does not include any people aged 16 to 18 who have a spouse, partner or child living in the household. A family is defined as a group of people who are: • A married, same-sex civil partnership, or cohabiting couple, with or without child(ren), • A lone parent with child(ren), • A married, same-sex civil partnership, or cohabiting couple with grandchild(ren) but with no children present from the intervening generation, or • A single grandparent with grandchild(ren) but no children present from the intervening generation. Children in couple families need not belong to both members of the couple. For single or couple grandparents with grandchildren present, the children of the grandparent(s) may also be present if they are not the parents or grandparents of the youngest generation present. Source definition: https://www.scotlandscensus.gov.uk/metadata/dependent-children-in-family/
A27: Adult has adult care responsibilities | C27: TBC
A29: DATE REPORTED
A30: =A1&" – "&A2 -> Indicator 18a – Indicator 18b | C30: Cumulative number by end of quarter (eg January to March 2023)
A32: RATIONALE
A33: =A1&" – "&A2 -> Indicator 18a – Indicator 18b | C33: TBC

Sheet 19 LSIs
A1: Indicator 19a | C1: LARGE SCALE INVESTIGATIONS (BY SERVICE TYPE)
A2: Indicator 19b | C2: CARE INSPECTORATE ASSIGNED UNIQUE CS NUMBERS
A3: Indicator 19c | C3: NHS HOSPITAL LOCATION CODE (PER INDIVIDUAL LSI)
A5: LOCAL DATA
A6: =A1 -> Indicator 19a | C6: Apr-Jun | D6: Jul-Sep | E6: Oct-Dec | F6: Jan-Mar | G6: Apr-Jun | H6: Jul-Sep | I6: Oct-Dec | J6: Jan-Mar | K6: Apr-Jun | L6: Jul-Sep | M6: Oct-Dec | N6: Jan-Mar | O6: Apr-Jun | P6: Jul-Sep | Q6: Oct-Dec | R6: Jan-Mar | S6: Apr-Jun | T6: Jul-Sep | U6: Oct-Dec | V6: Jan-Mar | W6: Apr-Jun | X6: Jul-Sep | Y6: Oct-Dec | Z6: Jan-Mar | AA6: Apr-Jun | AB6: Jul-Sep | AC6: Oct-Dec | AD6: Jan-Mar | AE6: Apr-Jun | AF6: Jul-Sep | AG6: Oct-Dec | AH6: Jan-Mar | AI6: Apr-Jun | AJ6: Jul-Sep | AK6: Oct-Dec | AL6: Jan-Mar
C7: Q1 2023/24 | D7: Q2 2023/24 | E7: Q3 2023/24 | F7: Q4 2023/24 | G7: Q1 2024/25 | H7: Q2 2024/25 | I7: Q3 2024/25 | J7: Q4 2024/25 | K7: Q1 2025/26 | L7: Q2 2025/26 | M7: Q3 2025/26 | N7: Q4 2025/26 | O7: Q1 2026/27 | P7: Q2 2026/27 | Q7: Q3 2026/27 | R7: Q4 2026/27 | S7: Q1 2027/28 | T7: Q2 2027/28 | U7: Q3 2027/28 | V7: Q4 2027/28 | W7: Q1 2028/29 | X7: Q2 2028/29 | Y7: Q3 2028/29 | Z7: Q4 2028/29 | AA7: Q1 2029/30 | AB7: Q2 2029/30 | AC7: Q3 2029/30 | AD7: Q4 2029/30 | AE7: Q1 2030/31 | AF7: Q2 2030/31 | AG7: Q3 2030/31 | AH7: Q4 2030/31 | AI7: Q1 2031/32 | AJ7: Q2 2031/32 | AK7: Q3 2031/32 | AL7: Q4 2031/32
A8: Care homes
A9: Support services (adult day care, care at home, sheltered housing or small group living support, etc)
A10: NHS Hospital
A11: NHS Primary Care (excl. Hospital) eg GP staff, dentists etc.
A12: NHS Community/Secondary Care
A13: Community groups (religious settings etc)
A14: Other (please specify below)
A15: Total | C15: =SUM(C8:C14) -> 0 | D15: =SUM(D8:D14) -> 0 | E15: =SUM(E8:E14) -> 0 | F15: =SUM(F8:F14) -> 0 | G15: =SUM(G8:G14) -> 0 | H15: =SUM(H8:H14) -> 0 | I15: =SUM(I8:I14) -> 0 | J15: =SUM(J8:J14) -> 0 | ... AL15: =SUM(AL8:AL14) -> 0
A17: OPTIONAL FURTHER DATA | C17: If possible, please use the field below to provide a breakdown of the LSI setting combined within the 'Other' category above.
A18: =(A1) -> Indicator 19a | C18: Apr-Jun | D18: Jul-Sep | E18: Oct-Dec | F18: Jan-Mar | G18: Apr-Jun | H18: Jul-Sep | I18: Oct-Dec | J18: Jan-Mar | K18: Apr-Jun | L18: Jul-Sep | M18: Oct-Dec | N18: Jan-Mar | O18: Apr-Jun | P18: Jul-Sep | Q18: Oct-Dec | R18: Jan-Mar | S18: Apr-Jun | T18: Jul-Sep | U18: Oct-Dec | V18: Jan-Mar | W18: Apr-Jun | X18: Jul-Sep | Y18: Oct-Dec | Z18: Jan-Mar | AA18: Apr-Jun | AB18: Jul-Sep | AC18: Oct-Dec | AD18: Jan-Mar | AE18: Apr-Jun | AF18: Jul-Sep | AG18: Oct-Dec | AH18: Jan-Mar | AI18: Apr-Jun | AJ18: Jul-Sep | AK18: Oct-Dec | AL18: Jan-Mar
A19: Other (categories and values) | C19: Q1 2023/24 | D19: Q2 2023/24 | E19: Q3 2023/24 | F19: Q4 2023/24 | G19: Q1 2024/25 | H19: Q2 2024/25 | I19: Q3 2024/25 | J19: Q4 2024/25 | K19: Q1 2025/26 | L19: Q2 2025/26 | M19: Q3 2025/26 | N19: Q4 2025/26 | O19: Q1 2026/27 | P19: Q2 2026/27 | Q19: Q3 2026/27 | R19: Q4 2026/27 | S19: Q1 2027/28 | T19: Q2 2027/28 | U19: Q3 2027/28 | V19: Q4 2027/28 | W19: Q1 2028/29 | X19: Q2 2028/29 | Y19: Q3 2028/29 | Z19: Q4 2028/29 | AA19: Q1 2029/30 | AB19: Q2 2029/30 | AC19: Q3 2029/30 | AD19: Q4 2029/30 | AE19: Q1 2030/31 | AF19: Q2 2030/31 | AG19: Q3 2030/31 | AH19: Q4 2030/31 | AI19: Q1 2031/32 | AJ19: Q2 2031/32 | AK19: Q3 2031/32 | AL19: Q4 2031/32
A27: =A2 -> Indicator 19b | C27: Apr-Jun | D27: Jul-Sep | E27: Oct-Dec | F27: Jan-Mar | G27: Apr-Jun | H27: Jul-Sep | I27: Oct-Dec | J27: Jan-Mar | K27: Apr-Jun | L27: Jul-Sep | M27: Oct-Dec | N27: Jan-Mar | O27: Apr-Jun | P27: Jul-Sep | Q27: Oct-Dec | R27: Jan-Mar | S27: Apr-Jun | T27: Jul-Sep | U27: Oct-Dec | V27: Jan-Mar | W27: Apr-Jun | X27: Jul-Sep | Y27: Oct-Dec | Z27: Jan-Mar | AA27: Apr-Jun | AB27: Jul-Sep | AC27: Oct-Dec | AD27: Jan-Mar | AE27: Apr-Jun | AF27: Jul-Sep | AG27: Oct-Dec | AH27: Jan-Mar | AI27: Apr-Jun | AJ27: Jul-Sep | AK27: Oct-Dec | AL27: Jan-Mar
C28: Q1 2023/24 | D28: Q2 2023/24 | E28: Q3 2023/24 | F28: Q4 2023/24 | G28: Q1 2024/25 | H28: Q2 2024/25 | I28: Q3 2024/25 | J28: Q4 2024/25 | K28: Q1 2025/26 | L28: Q2 2025/26 | M28: Q3 2025/26 | N28: Q4 2025/26 | O28: Q1 2026/27 | P28: Q2 2026/27 | Q28: Q3 2026/27 | R28: Q4 2026/27 | S28: Q1 2027/28 | T28: Q2 2027/28 | U28: Q3 2027/28 | V28: Q4 2027/28 | W28: Q1 2028/29 | X28: Q2 2028/29 | Y28: Q3 2028/29 | Z28: Q4 2028/29 | AA28: Q1 2029/30 | AB28: Q2 2029/30 | AC28: Q3 2029/30 | AD28: Q4 2029/30 | AE28: Q1 2030/31 | AF28: Q2 2030/31 | AG28: Q3 2030/31 | AH28: Q4 2030/31 | AI28: Q1 2031/32 | AJ28: Q2 2031/32 | AK28: Q3 2031/32 | AL28: Q4 2031/32
A29: Care homes - unique CS number for each LSI
A36: =A2 -> Indicator 19b | C36: Apr-Jun | D36: Jul-Sep | E36: Oct-Dec | F36: Jan-Mar | G36: Apr-Jun | H36: Jul-Sep | I36: Oct-Dec | J36: Jan-Mar | K36: Apr-Jun | L36: Jul-Sep | M36: Oct-Dec | N36: Jan-Mar | O36: Apr-Jun | P36: Jul-Sep | Q36: Oct-Dec | R36: Jan-Mar | S36: Apr-Jun | T36: Jul-Sep | U36: Oct-Dec | V36: Jan-Mar | W36: Apr-Jun | X36: Jul-Sep | Y36: Oct-Dec | Z36: Jan-Mar | AA36: Apr-Jun | AB36: Jul-Sep | AC36: Oct-Dec | AD36: Jan-Mar | AE36: Apr-Jun | AF36: Jul-Sep | AG36: Oct-Dec | AH36: Jan-Mar | AI36: Apr-Jun | AJ36: Jul-Sep | AK36: Oct-Dec | AL36: Jan-Mar
C37: Q1 2023/24 | D37: Q2 2023/24 | E37: Q3 2023/24 | F37: Q4 2023/24 | G37: Q1 2024/25 | H37: Q2 2024/25 | I37: Q3 2024/25 | J37: Q4 2024/25 | K37: Q1 2025/26 | L37: Q2 2025/26 | M37: Q3 2025/26 | N37: Q4 2025/26 | O37: Q1 2026/27 | P37: Q2 2026/27 | Q37: Q3 2026/27 | R37: Q4 2026/27 | S37: Q1 2027/28 | T37: Q2 2027/28 | U37: Q3 2027/28 | V37: Q4 2027/28 | W37: Q1 2028/29 | X37: Q2 2028/29 | Y37: Q3 2028/29 | Z37: Q4 2028/29 | AA37: Q1 2029/30 | AB37: Q2 2029/30 | AC37: Q3 2029/30 | AD37: Q4 2029/30 | AE37: Q1 2030/31 | AF37: Q2 2030/31 | AG37: Q3 2030/31 | AH37: Q4 2030/31 | AI37: Q1 2031/32 | AJ37: Q2 2031/32 | AK37: Q3 2031/32 | AL37: Q4 2031/32
A38: Support services - unique CS number for each LSI
A45: =A3&" - NHS hospital location code" -> Indicator 19c - NHS hospital location code | C45: Apr-Jun | D45: Jul-Sep | E45: Oct-Dec | F45: Jan-Mar | G45: Apr-Jun | H45: Jul-Sep | I45: Oct-Dec | J45: Jan-Mar | K45: Apr-Jun | L45: Jul-Sep | M45: Oct-Dec | N45: Jan-Mar | O45: Apr-Jun | P45: Jul-Sep | Q45: Oct-Dec | R45: Jan-Mar | S45: Apr-Jun | T45: Jul-Sep | U45: Oct-Dec | V45: Jan-Mar | W45: Apr-Jun | X45: Jul-Sep | Y45: Oct-Dec | Z45: Jan-Mar | AA45: Apr-Jun | AB45: Jul-Sep | AC45: Oct-Dec | AD45: Jan-Mar | AE45: Apr-Jun | AF45: Jul-Sep | AG45: Oct-Dec | AH45: Jan-Mar | AI45: Apr-Jun | AJ45: Jul-Sep | AK45: Oct-Dec | AL45: Jan-Mar
C46: Q1 2023/24 | D46: Q2 2023/24 | E46: Q3 2023/24 | F46: Q4 2023/24 | G46: Q1 2024/25 | H46: Q2 2024/25 | I46: Q3 2024/25 | J46: Q4 2024/25 | K46: Q1 2025/26 | L46: Q2 2025/26 | M46: Q3 2025/26 | N46: Q4 2025/26 | O46: Q1 2026/27 | P46: Q2 2026/27 | Q46: Q3 2026/27 | R46: Q4 2026/27 | S46: Q1 2027/28 | T46: Q2 2027/28 | U46: Q3 2027/28 | V46: Q4 2027/28 | W46: Q1 2028/29 | X46: Q2 2028/29 | Y46: Q3 2028/29 | Z46: Q4 2028/29 | AA46: Q1 2029/30 | AB46: Q2 2029/30 | AC46: Q3 2029/30 | AD46: Q4 2029/30 | AE46: Q1 2030/31 | AF46: Q2 2030/31 | AG46: Q3 2030/31 | AH46: Q4 2030/31 | AI46: Q1 2031/32 | AJ46: Q2 2031/32 | AK46: Q3 2031/32 | AL46: Q4 2031/32
A47: National hospital code for each LSI commenced (see 'Notes on completion')
A53: REFLECTIONS AND CAVEATS
A54: Please use the free text field opposite to detail any challenges experienced in completing the above, and where additional clarification or amendments may be needed/helpful.
A56: SUGGESTED PRESENTATION | C56: This graph can go into the reporting template and will show the number of LSIs per location each quarter. We would recommend not showing more than 4 years of data at a time.
A60: NOTES ON COMPLETION
A61: =(A2) -> Indicator 19b | C61: ="The first two categories in "&A1&" (care homes and support services) will be registered with the Care Inspectorate and will have a unique care service (CS) number which should be recorded in the spaces available above." -> The first two categories in Indicator 19a (care homes and support services) will be registered with the Care Inspectorate and will have a unique care service (CS) number which should be recorded in the spaces available above.
A62: =(A3) -> Indicator 19c | C62: For LSIs taking place in a hospital setting, please record the relevant national hospital code found in this list of 'Current NHS Hospitals in Scotland' [ https://bit.ly/447JK40 ] — the code to be entered is found in column two, 'Location'). Please note that these national codes are different to local NHS Board ones. If the hospital in question is not on this national list, please record 'not on the national list.'
A64: DEFINITIONS
A65: Large Scale Investigations (LSIs) | C65: An LSI is conducted when it is suspected that more than one adult in a given service may be at risk of harm. This may relate to adult residents in a care home, supported accommodation, an NHS hospital or other facility, or those who receive services in their own home. The risk of harm may be due to another resident, a member of staff, some failing or deficit in the management regime or in the environment of the establishment or service. Decisions about whether to proceed to an LSI or not, are expected to take place in a multi-agency meeting and for these meetings to be chaired by a senior officer of the council at Head of Service level or above. There is a duty to "alert and involve" relevant bodies of LSIs as set out in the ASP Code of Practice including the Care Inspectorate. To ensure this, there is a single point of contact available on the Care Inspectorate’s website where you can notify them about LSI i) commencement and ii) conclusion of the LSI. Where services are registered with the Care Inspectorate, you should involve them in the investigation itself where appropriate.
A67: DATE REPORTED
A68: =(A1&" – "&A3) -> Indicator 19a – Indicator 19c | C68: Cumulative values by end of quarter (eg January to March 2023)
A70: RATIONALE
A71: =(A1) -> Indicator 19a | C71: Is indicative of demands on the workforce and that large numbers of adults within a service may be at risk.
A72: =(A2) -> Indicator 19b | C72: Capturing the unique CS number forthose registered with the Care Inspectorate will also ensure that we can pinpoint exactly which providers are the focus of an LSI and help those with national oversight make connections across local areas.
